V1,V2,V3,subj_id,trial,block,stim,true_cat,cat0_is_right_key,color_presentation_order,feature_presentation_order,response,time,time_pressure_cond,time_pressure_in_ms
2,1,3,6,1,training,213,0,1,120,201,1,1978,TRUE,
2,2,2,6,2,training,222,0,1,120,201,1,2539,TRUE,
1,1,2,6,3,training,112,1,1,120,201,1,1130,TRUE,
1,2,3,6,4,training,123,1,1,120,201,0,704,TRUE,
2,2,3,6,5,training,223,0,1,120,201,1,1067,TRUE,
2,1,2,6,6,training,212,1,1,120,201,1,964,TRUE,
1,1,3,6,7,training,113,0,1,120,201,1,1322,TRUE,
1,2,2,6,8,training,122,1,1,120,201,0,1755,TRUE,
1,1,2,6,9,training,112,1,1,120,201,1,776,TRUE,
2,1,3,6,10,training,213,0,1,120,201,0,825,TRUE,
1,2,3,6,11,training,123,1,1,120,201,0,1116,TRUE,
2,2,2,6,12,training,222,0,1,120,201,0,1939,TRUE,
2,2,3,6,13,training,223,0,1,120,201,0,2423,TRUE,
1,1,3,6,14,training,113,0,1,120,201,0,3396,TRUE,
2,1,2,6,15,training,212,1,1,120,201,1,820,TRUE,
1,2,2,6,16,training,122,1,1,120,201,1,1554,TRUE,
2,1,2,6,17,training,212,1,1,120,201,1,703,TRUE,
2,1,3,6,18,training,213,0,1,120,201,1,842,TRUE,
1,1,2,6,19,training,112,1,1,120,201,1,1576,TRUE,
1,1,3,6,20,training,113,0,1,120,201,0,1676,TRUE,
1,2,2,6,21,training,122,1,1,120,201,1,1794,TRUE,
2,2,3,6,22,training,223,0,1,120,201,0,946,TRUE,
2,2,2,6,23,training,222,0,1,120,201,0,1304,TRUE,
1,2,3,6,24,training,123,1,1,120,201,0,1472,TRUE,
2,2,2,6,25,training,222,0,1,120,201,0,913,TRUE,
2,1,3,6,26,training,213,0,1,120,201,0,2242,TRUE,
2,2,3,6,27,training,223,0,1,120,201,0,1264,TRUE,
1,2,3,6,28,training,123,1,1,120,201,0,9983,TRUE,
1,1,3,6,29,training,113,0,1,120,201,1,800,TRUE,
2,1,2,6,30,training,212,1,1,120,201,1,994,TRUE,
1,2,2,6,31,training,122,1,1,120,201,1,1901,TRUE,
1,1,2,6,32,training,112,1,1,120,201,1,1084,TRUE,
2,2,2,6,33,training,222,0,1,120,201,0,818,TRUE,
2,1,2,6,34,training,212,1,1,120,201,1,786,TRUE,
1,2,3,6,35,training,123,1,1,120,201,0,584,TRUE,
1,1,3,6,36,training,113,0,1,120,201,1,725,TRUE,
2,2,3,6,37,training,223,0,1,120,201,0,3149,TRUE,
2,1,3,6,38,training,213,0,1,120,201,0,1299,TRUE,
1,1,2,6,39,training,112,1,1,120,201,1,1476,TRUE,
1,2,2,6,40,training,122,1,1,120,201,0,1386,TRUE,
2,1,2,6,41,training,212,1,1,120,201,0,3349,TRUE,
1,1,3,6,42,training,113,0,1,120,201,0,1094,TRUE,
1,1,2,6,43,training,112,1,1,120,201,1,717,TRUE,
1,2,2,6,44,training,122,1,1,120,201,1,1370,TRUE,
2,2,2,6,45,training,222,0,1,120,201,1,1098,TRUE,
2,1,3,6,46,training,213,0,1,120,201,0,1636,TRUE,
2,2,3,6,47,training,223,0,1,120,201,1,802,TRUE,
1,2,3,6,48,training,123,1,1,120,201,0,1726,TRUE,
1,2,3,6,49,training,123,1,1,120,201,1,1073,TRUE,
2,2,2,6,50,training,222,0,1,120,201,1,4030,TRUE,
2,1,3,6,51,training,213,0,1,120,201,0,1249,TRUE,
1,1,3,6,52,training,113,0,1,120,201,1,1123,TRUE,
2,2,3,6,53,training,223,0,1,120,201,1,4316,TRUE,
1,2,2,6,54,training,122,1,1,120,201,0,678,TRUE,
1,1,2,6,55,training,112,1,1,120,201,1,1117,TRUE,
2,1,2,6,56,training,212,1,1,120,201,1,2509,TRUE,
1,2,2,6,57,training,122,1,1,120,201,0,1218,TRUE,
1,2,3,6,58,training,123,1,1,120,201,1,515,TRUE,
1,1,2,6,59,training,112,1,1,120,201,1,948,TRUE,
2,1,2,6,60,training,212,1,1,120,201,0,1022,TRUE,
1,1,3,6,61,training,113,0,1,120,201,0,823,TRUE,
2,2,3,6,62,training,223,0,1,120,201,1,1584,TRUE,
2,1,3,6,63,training,213,0,1,120,201,1,2404,TRUE,
2,2,2,6,64,training,222,0,1,120,201,0,770,TRUE,
2,1,2,6,65,training,212,1,1,120,201,1,1876,TRUE,
1,2,2,6,66,training,122,1,1,120,201,1,951,TRUE,
1,2,3,6,67,training,123,1,1,120,201,0,1512,TRUE,
2,1,3,6,68,training,213,0,1,120,201,1,1409,TRUE,
2,2,2,6,69,training,222,0,1,120,201,1,1260,TRUE,
2,2,3,6,70,training,223,0,1,120,201,1,1761,TRUE,
1,1,2,6,71,training,112,1,1,120,201,1,1164,TRUE,
1,1,3,6,72,training,113,0,1,120,201,1,1749,TRUE,
2,1,3,6,73,training,213,0,1,120,201,0,2320,TRUE,
1,2,3,6,74,training,123,1,1,120,201,0,961,TRUE,
1,2,2,6,75,training,122,1,1,120,201,1,2191,TRUE,
2,2,2,6,76,training,222,0,1,120,201,0,1788,TRUE,
1,1,2,6,77,training,112,1,1,120,201,1,873,TRUE,
1,1,3,6,78,training,113,0,1,120,201,0,2299,TRUE,
2,1,2,6,79,training,212,1,1,120,201,0,2561,TRUE,
2,2,3,6,80,training,223,0,1,120,201,0,934,TRUE,
2,2,2,6,81,training,222,0,1,120,201,1,773,TRUE,
2,1,3,6,82,training,213,0,1,120,201,1,932,TRUE,
1,2,3,6,83,training,123,1,1,120,201,0,715,TRUE,
1,1,2,6,84,training,112,1,1,120,201,1,536,TRUE,
2,1,2,6,85,training,212,1,1,120,201,0,7065,TRUE,
1,2,2,6,86,training,122,1,1,120,201,1,421,TRUE,
1,1,3,6,87,training,113,0,1,120,201,1,928,TRUE,
2,2,3,6,88,training,223,0,1,120,201,0,574,TRUE,
2,2,3,6,89,training,223,0,1,120,201,0,1665,TRUE,
1,2,2,6,90,training,122,1,1,120,201,1,874,TRUE,
2,1,2,6,91,training,212,1,1,120,201,0,1735,TRUE,
2,2,2,6,92,training,222,0,1,120,201,0,703,TRUE,
2,1,3,6,93,training,213,0,1,120,201,1,1046,TRUE,
1,1,2,6,94,training,112,1,1,120,201,1,856,TRUE,
1,2,3,6,95,training,123,1,1,120,201,1,2039,TRUE,
1,1,3,6,96,training,113,0,1,120,201,1,3645,TRUE,
2,2,3,6,97,training,223,0,1,120,201,1,2752,TRUE,
1,2,3,6,98,training,123,1,1,120,201,0,626,TRUE,
1,2,2,6,99,training,122,1,1,120,201,1,604,TRUE,
2,1,2,6,100,training,212,1,1,120,201,1,1010,TRUE,
2,1,3,6,101,training,213,0,1,120,201,1,1420,TRUE,
2,2,2,6,102,training,222,0,1,120,201,0,2347,TRUE,
1,1,3,6,103,training,113,0,1,120,201,1,2358,TRUE,
1,1,2,6,104,training,112,1,1,120,201,1,858,TRUE,
1,2,2,6,105,training,122,1,1,120,201,1,676,TRUE,
1,1,2,6,106,training,112,1,1,120,201,1,1551,TRUE,
1,1,3,6,107,training,113,0,1,120,201,1,1145,TRUE,
1,2,3,6,108,training,123,1,1,120,201,1,477,TRUE,
2,2,2,6,109,training,222,0,1,120,201,0,985,TRUE,
2,1,3,6,110,training,213,0,1,120,201,0,860,TRUE,
2,1,2,6,111,training,212,1,1,120,201,0,1297,TRUE,
2,2,3,6,112,training,223,0,1,120,201,1,817,TRUE,
1,1,3,6,113,training,113,0,1,120,201,1,724,TRUE,
2,2,2,6,114,training,222,0,1,120,201,0,568,TRUE,
1,2,3,6,115,training,123,1,1,120,201,1,557,TRUE,
1,2,2,6,116,training,122,1,1,120,201,1,502,TRUE,
2,2,3,6,117,training,223,0,1,120,201,1,1044,TRUE,
2,1,2,6,118,training,212,1,1,120,201,0,273,TRUE,
1,1,2,6,119,training,112,1,1,120,201,1,214,TRUE,
2,1,3,6,120,training,213,0,1,120,201,1,974,TRUE,
1,1,2,6,121,training,112,1,1,120,201,1,2114,TRUE,
1,2,3,6,122,training,123,1,1,120,201,1,1703,TRUE,
2,1,2,6,123,training,212,1,1,120,201,0,747,TRUE,
2,2,2,6,124,training,222,0,1,120,201,1,988,TRUE,
2,2,3,6,125,training,223,0,1,120,201,0,1038,TRUE,
1,1,3,6,126,training,113,0,1,120,201,1,885,TRUE,
2,1,3,6,127,training,213,0,1,120,201,0,1512,TRUE,
1,2,2,6,128,training,122,1,1,120,201,1,1268,TRUE,
2,2,2,6,129,training,222,0,1,120,201,1,1535,TRUE,
2,1,3,6,130,training,213,0,1,120,201,0,1716,TRUE,
2,1,2,6,131,training,212,1,1,120,201,1,1066,TRUE,
2,2,3,6,132,training,223,0,1,120,201,0,1104,TRUE,
1,2,2,6,133,training,122,1,1,120,201,1,977,TRUE,
1,2,3,6,134,training,123,1,1,120,201,0,720,TRUE,
1,1,2,6,135,training,112,1,1,120,201,1,925,TRUE,
1,1,3,6,136,training,113,0,1,120,201,0,2357,TRUE,
1,2,2,6,137,training,122,1,1,120,201,1,762,TRUE,
2,2,3,6,138,training,223,0,1,120,201,0,3841,TRUE,
2,1,3,6,139,training,213,0,1,120,201,0,1214,TRUE,
2,1,2,6,140,training,212,1,1,120,201,1,5064,TRUE,
1,2,3,6,141,training,123,1,1,120,201,1,2912,TRUE,
1,1,3,6,142,training,113,0,1,120,201,1,950,TRUE,
1,1,2,6,143,training,112,1,1,120,201,1,1162,TRUE,
2,2,2,6,144,training,222,0,1,120,201,0,1119,TRUE,
2,1,2,6,145,training,212,1,1,120,201,1,4720,TRUE,
2,2,2,6,146,training,222,0,1,120,201,0,1887,TRUE,
2,1,3,6,147,training,213,0,1,120,201,0,2115,TRUE,
1,1,2,6,148,training,112,1,1,120,201,1,1246,TRUE,
1,2,3,6,149,training,123,1,1,120,201,0,930,TRUE,
1,1,3,6,150,training,113,0,1,120,201,1,2041,TRUE,
2,2,3,6,151,training,223,0,1,120,201,0,1203,TRUE,
1,2,2,6,152,training,122,1,1,120,201,1,8428,TRUE,
1,1,3,6,153,training,113,0,1,120,201,0,1147,TRUE,
2,1,2,6,154,training,212,1,1,120,201,1,3957,TRUE,
2,2,2,6,155,training,222,0,1,120,201,1,523,TRUE,
2,1,3,6,156,training,213,0,1,120,201,1,1120,TRUE,
1,2,2,6,157,training,122,1,1,120,201,1,650,TRUE,
2,2,3,6,158,training,223,0,1,120,201,0,614,TRUE,
1,2,3,6,159,training,123,1,1,120,201,1,801,TRUE,
1,1,2,6,160,training,112,1,1,120,201,1,1177,TRUE,
1,2,2,6,161,training,122,1,1,120,201,0,1969,TRUE,
1,2,3,6,162,training,123,1,1,120,201,0,922,TRUE,
1,1,2,6,163,training,112,1,1,120,201,1,630,TRUE,
2,1,3,6,164,training,213,0,1,120,201,1,5471,TRUE,
2,1,2,6,165,training,212,1,1,120,201,0,408,TRUE,
1,1,3,6,166,training,113,0,1,120,201,0,1112,TRUE,
2,2,3,6,167,training,223,0,1,120,201,0,701,TRUE,
2,2,2,6,168,training,222,0,1,120,201,0,1600,TRUE,
2,1,2,6,169,training,212,1,1,120,201,1,1803,TRUE,
2,1,3,6,170,training,213,0,1,120,201,0,1258,TRUE,
1,2,3,6,171,training,123,1,1,120,201,0,1274,TRUE,
1,1,3,6,172,training,113,0,1,120,201,0,1911,TRUE,
2,2,2,6,173,training,222,0,1,120,201,0,2465,TRUE,
1,2,2,6,174,training,122,1,1,120,201,1,1274,TRUE,
1,1,2,6,175,training,112,1,1,120,201,1,1693,TRUE,
2,2,3,6,176,training,223,0,1,120,201,1,1681,TRUE,
1,1,2,6,177,training,112,1,1,120,201,1,816,TRUE,
1,1,3,6,178,training,113,0,1,120,201,0,1230,TRUE,
2,2,2,6,179,training,222,0,1,120,201,0,1226,TRUE,
2,2,3,6,180,training,223,0,1,120,201,0,6749,TRUE,
2,1,2,6,181,training,212,1,1,120,201,1,1036,TRUE,
1,2,3,6,182,training,123,1,1,120,201,0,3467,TRUE,
2,1,3,6,183,training,213,0,1,120,201,0,1525,TRUE,
1,2,2,6,184,training,122,1,1,120,201,1,1268,TRUE,
2,1,3,6,185,training,213,0,1,120,201,0,1544,TRUE,
2,2,2,6,186,training,222,0,1,120,201,0,1134,TRUE,
2,1,2,6,187,training,212,1,1,120,201,1,988,TRUE,
1,1,2,6,188,training,112,1,1,120,201,1,1087,TRUE,
1,2,3,6,189,training,123,1,1,120,201,1,5936,TRUE,
1,2,2,6,190,training,122,1,1,120,201,1,1543,TRUE,
2,2,3,6,191,training,223,0,1,120,201,0,3245,TRUE,
1,1,3,6,192,training,113,0,1,120,201,0,2719,TRUE,
1,2,2,6,193,training,122,1,1,120,201,1,714,TRUE,
2,2,2,6,194,training,222,0,1,120,201,0,497,TRUE,
2,1,3,6,195,training,213,0,1,120,201,0,1335,TRUE,
1,2,3,6,196,training,123,1,1,120,201,1,5374,TRUE,
1,1,3,6,197,training,113,0,1,120,201,1,2939,TRUE,
2,1,2,6,198,training,212,1,1,120,201,1,1335,TRUE,
1,1,2,6,199,training,112,1,1,120,201,1,724,TRUE,
2,2,3,6,200,training,223,0,1,120,201,1,3963,TRUE,
2,1,2,6,201,training,212,1,1,120,201,1,4430,TRUE,
1,1,2,6,202,training,112,1,1,120,201,1,1672,TRUE,
1,2,3,6,203,training,123,1,1,120,201,0,3291,TRUE,
2,2,2,6,204,training,222,0,1,120,201,0,1073,TRUE,
2,2,3,6,205,training,223,0,1,120,201,0,2377,TRUE,
1,1,3,6,206,training,113,0,1,120,201,1,2438,TRUE,
2,1,3,6,207,training,213,0,1,120,201,0,879,TRUE,
1,2,2,6,208,training,122,1,1,120,201,1,3406,TRUE,
1,1,2,6,209,training,112,1,1,120,201,1,495,TRUE,
1,2,2,6,210,training,122,1,1,120,201,1,1169,TRUE,
2,1,3,6,211,training,213,0,1,120,201,0,1073,TRUE,
2,1,2,6,212,training,212,1,1,120,201,1,2468,TRUE,
1,1,3,6,213,training,113,0,1,120,201,0,660,TRUE,
2,2,2,6,214,training,222,0,1,120,201,0,2220,TRUE,
1,2,3,6,215,training,123,1,1,120,201,0,1342,TRUE,
2,2,3,6,216,training,223,0,1,120,201,0,2720,TRUE,
2,1,3,6,217,training,213,0,1,120,201,0,1623,TRUE,
1,1,3,6,218,training,113,0,1,120,201,1,1166,TRUE,
1,2,3,6,219,training,123,1,1,120,201,1,3824,TRUE,
2,2,2,6,220,training,222,0,1,120,201,0,1152,TRUE,
2,1,2,6,221,training,212,1,1,120,201,1,3527,TRUE,
1,2,2,6,222,training,122,1,1,120,201,1,1750,TRUE,
2,2,3,6,223,training,223,0,1,120,201,0,9899,TRUE,
1,1,2,6,224,training,112,1,1,120,201,1,1083,TRUE,
2,2,3,6,225,training,223,0,1,120,201,0,4606,TRUE,
1,2,3,6,226,training,123,1,1,120,201,0,1989,TRUE,
1,1,3,6,227,training,113,0,1,120,201,0,4611,TRUE,
2,1,3,6,228,training,213,0,1,120,201,0,1326,TRUE,
1,1,2,6,229,training,112,1,1,120,201,1,1143,TRUE,
2,1,2,6,230,training,212,1,1,120,201,1,1240,TRUE,
2,2,2,6,231,training,222,0,1,120,201,0,1545,TRUE,
1,2,2,6,232,training,122,1,1,120,201,1,1286,TRUE,
1,1,2,6,233,training,112,1,1,120,201,1,817,TRUE,
2,2,2,6,234,training,222,0,1,120,201,0,734,TRUE,
2,2,3,6,235,training,223,0,1,120,201,0,1825,TRUE,
1,1,3,6,236,training,113,0,1,120,201,1,831,TRUE,
1,2,3,6,237,training,123,1,1,120,201,0,1360,TRUE,
2,1,2,6,238,training,212,1,1,120,201,1,1338,TRUE,
1,2,2,6,239,training,122,1,1,120,201,1,1511,TRUE,
2,1,3,6,240,training,213,0,1,120,201,0,1173,TRUE,
1,2,3,6,241,training,123,1,1,120,201,1,1617,TRUE,
1,1,3,6,242,training,113,0,1,120,201,1,981,TRUE,
1,2,2,6,243,training,122,1,1,120,201,0,840,TRUE,
1,1,2,6,244,training,112,1,1,120,201,1,832,TRUE,
2,2,2,6,245,training,222,0,1,120,201,0,958,TRUE,
2,2,3,6,246,training,223,0,1,120,201,0,1030,TRUE,
2,1,2,6,247,training,212,1,1,120,201,1,1594,TRUE,
2,1,3,6,248,training,213,0,1,120,201,1,2725,TRUE,
1,1,2,6,249,training,112,1,1,120,201,1,1365,TRUE,
2,1,3,6,250,training,213,0,1,120,201,0,1461,TRUE,
2,2,2,6,251,training,222,0,1,120,201,0,1368,TRUE,
1,2,3,6,252,training,123,1,1,120,201,0,3031,TRUE,
1,2,2,6,253,training,122,1,1,120,201,1,1251,TRUE,
2,2,3,6,254,training,223,0,1,120,201,0,1910,TRUE,
2,1,2,6,255,training,212,1,1,120,201,1,880,TRUE,
1,1,3,6,256,training,113,0,1,120,201,1,1955,TRUE,
1,1,3,6,257,training,113,0,1,120,201,0,1057,TRUE,
2,1,3,6,258,training,213,0,1,120,201,0,1319,TRUE,
1,1,2,6,259,training,112,1,1,120,201,1,1029,TRUE,
1,2,2,6,260,training,122,1,1,120,201,0,836,TRUE,
2,1,2,6,261,training,212,1,1,120,201,1,1260,TRUE,
1,2,3,6,262,training,123,1,1,120,201,0,1633,TRUE,
2,2,2,6,263,training,222,0,1,120,201,0,898,TRUE,
2,2,3,6,264,training,223,0,1,120,201,0,1116,TRUE,
1,2,3,6,265,training,123,1,1,120,201,1,3741,TRUE,
2,2,2,6,266,training,222,0,1,120,201,0,762,TRUE,
2,2,3,6,267,training,223,0,1,120,201,0,4555,TRUE,
2,1,3,6,268,training,213,0,1,120,201,0,2921,TRUE,
1,1,2,6,269,training,112,1,1,120,201,1,927,TRUE,
1,2,2,6,270,training,122,1,1,120,201,1,1396,TRUE,
1,1,3,6,271,training,113,0,1,120,201,1,1156,TRUE,
2,1,2,6,272,training,212,1,1,120,201,1,1263,TRUE,
1,2,3,6,273,training,123,1,1,120,201,1,3609,TRUE,
2,1,2,6,274,training,212,1,1,120,201,1,1109,TRUE,
1,1,3,6,275,training,113,0,1,120,201,1,872,TRUE,
1,1,2,6,276,training,112,1,1,120,201,1,712,TRUE,
1,2,2,6,277,training,122,1,1,120,201,1,1035,TRUE,
2,2,3,6,278,training,223,0,1,120,201,0,771,TRUE,
2,2,2,6,279,training,222,0,1,120,201,0,1028,TRUE,
2,1,3,6,280,training,213,0,1,120,201,0,3333,TRUE,
2,1,2,6,281,training,212,1,1,120,201,1,2366,TRUE,
1,1,3,6,282,training,113,0,1,120,201,0,2915,TRUE,
1,1,2,6,283,training,112,1,1,120,201,1,3263,TRUE,
2,2,2,6,284,training,222,0,1,120,201,0,910,TRUE,
1,2,3,6,285,training,123,1,1,120,201,1,1958,TRUE,
2,2,3,6,286,training,223,0,1,120,201,0,1185,TRUE,
1,2,2,6,287,training,122,1,1,120,201,1,806,TRUE,
2,1,3,6,288,training,213,0,1,120,201,0,1341,TRUE,
1,1,3,6,289,training,113,0,1,120,201,1,1808,TRUE,
2,2,3,6,290,training,223,0,1,120,201,0,1819,TRUE,
2,2,2,6,291,training,222,0,1,120,201,0,1582,TRUE,
1,2,3,6,292,training,123,1,1,120,201,0,1714,TRUE,
1,2,2,6,293,training,122,1,1,120,201,1,1089,TRUE,
1,1,2,6,294,training,112,1,1,120,201,1,773,TRUE,
2,1,3,6,295,training,213,0,1,120,201,0,932,TRUE,
2,1,2,6,296,training,212,1,1,120,201,1,1666,TRUE,
2,2,3,6,297,training,223,0,1,120,201,0,2643,TRUE,
2,1,3,6,298,training,213,0,1,120,201,1,1692,TRUE,
1,2,3,6,299,training,123,1,1,120,201,1,1968,TRUE,
2,2,2,6,300,training,222,0,1,120,201,0,852,TRUE,
1,2,2,6,301,training,122,1,1,120,201,1,6819,TRUE,
2,1,2,6,302,training,212,1,1,120,201,1,1316,TRUE,
1,1,2,6,303,training,112,1,1,120,201,1,1849,TRUE,
1,1,3,6,304,training,113,0,1,120,201,0,1574,TRUE,
2,2,2,6,305,training,222,0,1,120,201,0,767,TRUE,
1,2,2,6,306,training,122,1,1,120,201,1,1363,TRUE,
2,2,3,6,307,training,223,0,1,120,201,0,1488,TRUE,
1,1,2,6,308,training,112,1,1,120,201,1,807,TRUE,
2,1,3,6,309,training,213,0,1,120,201,1,2430,TRUE,
1,1,3,6,310,training,113,0,1,120,201,0,862,TRUE,
1,2,3,6,311,training,123,1,1,120,201,0,2267,TRUE,
2,1,2,6,312,training,212,1,1,120,201,1,837,TRUE,
1,2,2,6,313,training,122,1,1,120,201,1,1497,TRUE,
2,1,2,6,314,training,212,1,1,120,201,1,1393,TRUE,
2,1,3,6,315,training,213,0,1,120,201,0,686,TRUE,
1,2,3,6,316,training,123,1,1,120,201,1,2537,TRUE,
2,2,3,6,317,training,223,0,1,120,201,0,1275,TRUE,
2,2,2,6,318,training,222,0,1,120,201,0,756,TRUE,
1,1,2,6,319,training,112,1,1,120,201,1,770,TRUE,
1,1,3,6,320,training,113,0,1,120,201,1,1902,TRUE,
2,1,3,6,321,training,213,0,1,120,201,0,2263,TRUE,
1,1,2,6,322,training,112,1,1,120,201,1,1038,TRUE,
2,2,3,6,323,training,223,0,1,120,201,0,1859,TRUE,
1,2,3,6,324,training,123,1,1,120,201,1,1511,TRUE,
1,1,3,6,325,training,113,0,1,120,201,0,1531,TRUE,
1,2,2,6,326,training,122,1,1,120,201,1,1215,TRUE,
2,1,2,6,327,training,212,1,1,120,201,1,1895,TRUE,
2,2,2,6,328,training,222,0,1,120,201,0,743,TRUE,
2,1,3,6,329,training,213,0,1,120,201,0,1165,TRUE,
1,1,3,6,330,training,113,0,1,120,201,0,4267,TRUE,
2,1,2,6,331,training,212,1,1,120,201,1,1752,TRUE,
2,2,2,6,332,training,222,0,1,120,201,0,761,TRUE,
1,2,3,6,333,training,123,1,1,120,201,0,3085,TRUE,
1,2,2,6,334,training,122,1,1,120,201,1,1110,TRUE,
2,2,3,6,335,training,223,0,1,120,201,0,2305,TRUE,
1,1,2,6,336,training,112,1,1,120,201,1,1408,TRUE,
1,2,3,6,337,training,123,1,1,120,201,1,2380,TRUE,
2,2,2,6,338,training,222,0,1,120,201,0,625,TRUE,
1,2,2,6,339,training,122,1,1,120,201,1,1738,TRUE,
2,2,3,6,340,training,223,0,1,120,201,0,1355,TRUE,
2,1,2,6,341,training,212,1,1,120,201,1,5310,TRUE,
2,1,3,6,342,training,213,0,1,120,201,0,6233,TRUE,
1,1,3,6,343,training,113,0,1,120,201,0,2951,TRUE,
1,1,2,6,344,training,112,1,1,120,201,1,1698,TRUE,
2,1,3,6,345,training,213,0,1,120,201,0,1845,TRUE,
2,1,2,6,346,training,212,1,1,120,201,1,1792,TRUE,
2,2,2,6,347,training,222,0,1,120,201,0,1279,TRUE,
2,2,3,6,348,training,223,0,1,120,201,0,1091,TRUE,
1,2,3,6,349,training,123,1,1,120,201,1,1863,TRUE,
1,2,2,6,350,training,122,1,1,120,201,1,1322,TRUE,
1,1,3,6,351,training,113,0,1,120,201,0,438,TRUE,
1,1,2,6,352,training,112,1,1,120,201,1,833,TRUE,
2,2,2,6,353,training,222,0,1,120,201,0,1187,TRUE,
2,1,3,6,354,training,213,0,1,120,201,0,873,TRUE,
2,1,2,6,355,training,212,1,1,120,201,1,2997,TRUE,
1,2,3,6,356,training,123,1,1,120,201,1,2198,TRUE,
1,1,3,6,357,training,113,0,1,120,201,0,888,TRUE,
1,1,3,6,358,familiarization,113,0,1,120,201,1,616,TRUE,689
2,1,2,6,359,familiarization,212,1,1,120,201,,,TRUE,689
2,2,2,6,360,familiarization,222,0,1,120,201,,,TRUE,689
2,2,3,6,361,familiarization,223,0,1,120,201,,,TRUE,689
1,1,2,6,362,familiarization,112,1,1,120,201,,,TRUE,689
2,1,3,6,363,familiarization,213,0,1,120,201,0,592,TRUE,689
1,2,3,6,364,familiarization,123,1,1,120,201,0,559,TRUE,689
1,2,2,6,365,familiarization,122,1,1,120,201,,,TRUE,689
2,1,2,6,366,familiarization,212,1,1,120,201,0,571,TRUE,689
2,2,3,6,367,familiarization,223,0,1,120,201,0,651,TRUE,689
1,2,3,6,368,familiarization,123,1,1,120,201,1,589,TRUE,689
1,1,2,6,369,familiarization,112,1,1,120,201,1,568,TRUE,689
2,2,2,6,370,familiarization,222,0,1,120,201,,,TRUE,689
1,1,3,6,371,familiarization,113,0,1,120,201,,,TRUE,689
2,1,3,6,372,familiarization,213,0,1,120,201,,,TRUE,689
1,2,2,6,373,familiarization,122,1,1,120,201,,,TRUE,689
2,1,2,6,374,familiarization,212,1,1,120,201,0,597,TRUE,689
2,1,3,6,375,familiarization,213,0,1,120,201,1,531,TRUE,689
1,1,3,6,376,familiarization,113,0,1,120,201,0,660,TRUE,689
1,2,3,6,377,familiarization,123,1,1,120,201,,,TRUE,689
2,2,3,6,378,familiarization,223,0,1,120,201,,,TRUE,689
1,1,2,6,379,familiarization,112,1,1,120,201,1,604,TRUE,689
1,2,2,6,380,familiarization,122,1,1,120,201,1,473,TRUE,689
2,2,2,6,381,familiarization,222,0,1,120,201,0,514,TRUE,689
1,1,3,6,382,familiarization,113,0,1,120,201,1,508,TRUE,689
1,2,2,6,383,familiarization,122,1,1,120,201,0,617,TRUE,689
1,2,3,6,384,familiarization,123,1,1,120,201,0,661,TRUE,689
2,2,3,6,385,familiarization,223,0,1,120,201,,,TRUE,689
2,1,3,6,386,familiarization,213,0,1,120,201,,,TRUE,689
1,1,2,6,387,familiarization,112,1,1,120,201,1,686,TRUE,689
2,2,2,6,388,familiarization,222,0,1,120,201,,,TRUE,689
2,1,2,6,389,familiarization,212,1,1,120,201,0,683,TRUE,689
2,1,2,6,390,test,212,,1,120,201,1,520,TRUE,689
4,4,2,6,391,test,442,,1,120,201,0,408,TRUE,689
3,4,2,6,392,test,342,,1,120,201,0,599,TRUE,689
1,1,3,6,393,test,113,,1,120,201,,,TRUE,689
2,1,1,6,394,test,211,,1,120,201,0,629,TRUE,689
1,1,4,6,395,test,114,,1,120,201,0,544,TRUE,689
1,2,3,6,396,test,123,,1,120,201,1,569,TRUE,689
3,3,2,6,397,test,332,,1,120,201,0,549,TRUE,689
2,2,2,6,398,test,222,,1,120,201,,,TRUE,689
4,3,2,6,399,test,432,,1,120,201,0,469,TRUE,689
1,1,3,6,400,test,113,,1,120,201,1,373,TRUE,689
3,4,2,6,401,test,342,,1,120,201,0,375,TRUE,689
2,1,1,6,402,test,211,,1,120,201,1,650,TRUE,689
2,1,2,6,403,test,212,,1,120,201,1,430,TRUE,689
4,3,2,6,404,test,432,,1,120,201,0,393,TRUE,689
1,1,4,6,405,test,114,,1,120,201,1,418,TRUE,689
4,4,2,6,406,test,442,,1,120,201,0,516,TRUE,689
1,2,3,6,407,test,123,,1,120,201,0,679,TRUE,689
2,2,2,6,408,test,222,,1,120,201,1,564,TRUE,689
3,3,2,6,409,test,332,,1,120,201,0,429,TRUE,689
4,3,2,6,410,test,432,,1,120,201,0,476,TRUE,689
3,3,2,6,411,test,332,,1,120,201,0,475,TRUE,689
1,1,4,6,412,test,114,,1,120,201,0,600,TRUE,689
2,1,1,6,413,test,211,,1,120,201,,,TRUE,689
2,2,2,6,414,test,222,,1,120,201,1,569,TRUE,689
3,4,2,6,415,test,342,,1,120,201,0,499,TRUE,689
2,1,2,6,416,test,212,,1,120,201,1,518,TRUE,689
1,2,3,6,417,test,123,,1,120,201,0,563,TRUE,689
1,1,3,6,418,test,113,,1,120,201,0,549,TRUE,689
4,4,2,6,419,test,442,,1,120,201,0,504,TRUE,689
2,1,1,6,420,test,211,,1,120,201,1,312,TRUE,689
2,1,2,6,421,test,212,,1,120,201,1,548,TRUE,689
4,3,2,6,422,test,432,,1,120,201,0,374,TRUE,689
2,2,2,6,423,test,222,,1,120,201,1,538,TRUE,689
1,1,3,6,424,test,113,,1,120,201,0,623,TRUE,689
4,4,2,6,425,test,442,,1,120,201,0,400,TRUE,689
1,1,4,6,426,test,114,,1,120,201,0,508,TRUE,689
3,3,2,6,427,test,332,,1,120,201,0,673,TRUE,689
3,4,2,6,428,test,342,,1,120,201,0,480,TRUE,689
1,2,3,6,429,test,123,,1,120,201,1,361,TRUE,689
2,1,2,6,430,test,212,,1,120,201,1,519,TRUE,689
3,4,2,6,431,test,342,,1,120,201,0,416,TRUE,689
2,2,2,6,432,test,222,,1,120,201,1,661,TRUE,689
2,1,1,6,433,test,211,,1,120,201,0,446,TRUE,689
3,3,2,6,434,test,332,,1,120,201,0,510,TRUE,689
1,2,3,6,435,test,123,,1,120,201,0,529,TRUE,689
1,1,4,6,436,test,114,,1,120,201,0,569,TRUE,689
4,3,2,6,437,test,432,,1,120,201,0,538,TRUE,689
4,4,2,6,438,test,442,,1,120,201,0,467,TRUE,689
1,1,3,6,439,test,113,,1,120,201,1,390,TRUE,689
1,1,3,6,440,test,113,,1,120,201,1,537,TRUE,689
2,1,1,6,441,test,211,,1,120,201,0,580,TRUE,689
3,3,2,6,442,test,332,,1,120,201,0,494,TRUE,689
4,3,2,6,443,test,432,,1,120,201,0,381,TRUE,689
3,4,2,6,444,test,342,,1,120,201,0,583,TRUE,689
2,1,2,6,445,test,212,,1,120,201,1,569,TRUE,689
2,2,2,6,446,test,222,,1,120,201,1,492,TRUE,689
4,4,2,6,447,test,442,,1,120,201,0,411,TRUE,689
1,2,3,6,448,test,123,,1,120,201,0,621,TRUE,689
1,1,4,6,449,test,114,,1,120,201,0,552,TRUE,689
2,1,2,6,450,test,212,,1,120,201,,,TRUE,689
1,1,3,6,451,test,113,,1,120,201,0,600,TRUE,689
1,1,4,6,452,test,114,,1,120,201,0,439,TRUE,689
3,3,2,6,453,test,332,,1,120,201,,,TRUE,689
4,4,2,6,454,test,442,,1,120,201,0,548,TRUE,689
2,2,2,6,455,test,222,,1,120,201,1,516,TRUE,689
1,2,3,6,456,test,123,,1,120,201,0,436,TRUE,689
2,1,1,6,457,test,211,,1,120,201,0,538,TRUE,689
3,4,2,6,458,test,342,,1,120,201,,,TRUE,689
4,3,2,6,459,test,432,,1,120,201,0,523,TRUE,689
3,3,2,6,460,test,332,,1,120,201,0,566,TRUE,689
1,2,3,6,461,test,123,,1,120,201,1,514,TRUE,689
4,3,2,6,462,test,432,,1,120,201,0,522,TRUE,689
1,1,4,6,463,test,114,,1,120,201,0,451,TRUE,689
2,1,2,6,464,test,212,,1,120,201,,,TRUE,689
3,4,2,6,465,test,342,,1,120,201,0,520,TRUE,689
2,2,2,6,466,test,222,,1,120,201,,,TRUE,689
1,1,3,6,467,test,113,,1,120,201,,,TRUE,689
4,4,2,6,468,test,442,,1,120,201,0,442,TRUE,689
2,1,1,6,469,test,211,,1,120,201,0,594,TRUE,689
1,2,3,6,470,test,123,,1,120,201,0,501,TRUE,689
2,1,2,6,471,test,212,,1,120,201,1,507,TRUE,689
4,4,2,6,472,test,442,,1,120,201,0,452,TRUE,689
1,1,3,6,473,test,113,,1,120,201,1,471,TRUE,689
2,2,2,6,474,test,222,,1,120,201,0,483,TRUE,689
2,1,1,6,475,test,211,,1,120,201,,,TRUE,689
3,3,2,6,476,test,332,,1,120,201,0,498,TRUE,689
1,1,4,6,477,test,114,,1,120,201,1,447,TRUE,689
4,3,2,6,478,test,432,,1,120,201,0,460,TRUE,689
3,4,2,6,479,test,342,,1,120,201,0,586,TRUE,689
2,2,2,6,480,test,222,,1,120,201,1,604,TRUE,689
2,1,1,6,481,test,211,,1,120,201,1,641,TRUE,689
1,1,4,6,482,test,114,,1,120,201,0,406,TRUE,689
3,3,2,6,483,test,332,,1,120,201,1,429,TRUE,689
1,2,3,6,484,test,123,,1,120,201,1,500,TRUE,689
2,1,2,6,485,test,212,,1,120,201,0,496,TRUE,689
1,1,3,6,486,test,113,,1,120,201,0,577,TRUE,689
4,4,2,6,487,test,442,,1,120,201,0,540,TRUE,689
3,4,2,6,488,test,342,,1,120,201,0,460,TRUE,689
4,3,2,6,489,test,432,,1,120,201,0,478,TRUE,689
1,1,3,6,490,test,113,,1,120,201,1,438,TRUE,689
1,1,4,6,491,test,114,,1,120,201,1,496,TRUE,689
4,4,2,6,492,test,442,,1,120,201,0,477,TRUE,689
2,1,2,6,493,test,212,,1,120,201,1,550,TRUE,689
1,2,3,6,494,test,123,,1,120,201,1,459,TRUE,689
3,4,2,6,495,test,342,,1,120,201,0,389,TRUE,689
2,1,1,6,496,test,211,,1,120,201,1,566,TRUE,689
2,2,2,6,497,test,222,,1,120,201,1,426,TRUE,689
4,3,2,6,498,test,432,,1,120,201,0,417,TRUE,689
3,3,2,6,499,test,332,,1,120,201,0,320,TRUE,689
3,4,2,6,500,test,342,,1,120,201,0,385,TRUE,689
3,3,2,6,501,test,332,,1,120,201,0,427,TRUE,689
2,1,1,6,502,test,211,,1,120,201,1,463,TRUE,689
2,2,2,6,503,test,222,,1,120,201,1,375,TRUE,689
4,4,2,6,504,test,442,,1,120,201,0,480,TRUE,689
2,1,2,6,505,test,212,,1,120,201,1,401,TRUE,689
1,2,3,6,506,test,123,,1,120,201,0,485,TRUE,689
1,1,4,6,507,test,114,,1,120,201,1,472,TRUE,689
1,1,3,6,508,test,113,,1,120,201,1,600,TRUE,689
4,3,2,6,509,test,432,,1,120,201,0,396,TRUE,689
1,2,3,6,510,test,123,,1,120,201,1,610,TRUE,689
3,4,2,6,511,test,342,,1,120,201,0,385,TRUE,689
4,3,2,6,512,test,432,,1,120,201,0,338,TRUE,689
2,1,2,6,513,test,212,,1,120,201,1,491,TRUE,689
3,3,2,6,514,test,332,,1,120,201,,,TRUE,689
2,1,1,6,515,test,211,,1,120,201,1,603,TRUE,689
1,1,4,6,516,test,114,,1,120,201,0,491,TRUE,689
4,4,2,6,517,test,442,,1,120,201,0,448,TRUE,689
1,1,3,6,518,test,113,,1,120,201,1,537,TRUE,689
2,2,2,6,519,test,222,,1,120,201,0,654,TRUE,689
2,1,1,6,520,test,211,,1,120,201,,,TRUE,689
1,1,3,6,521,test,113,,1,120,201,0,518,TRUE,689
1,1,4,6,522,test,114,,1,120,201,0,460,TRUE,689
4,4,2,6,523,test,442,,1,120,201,0,431,TRUE,689
2,2,2,6,524,test,222,,1,120,201,0,529,TRUE,689
4,3,2,6,525,test,432,,1,120,201,0,454,TRUE,689
3,3,2,6,526,test,332,,1,120,201,0,432,TRUE,689
2,1,2,6,527,test,212,,1,120,201,1,515,TRUE,689
3,4,2,6,528,test,342,,1,120,201,0,453,TRUE,689
1,2,3,6,529,test,123,,1,120,201,1,507,TRUE,689
1,1,3,7,1,training,113,0,0,201,210,0,2344,TRUE,
2,2,3,7,2,training,223,0,0,201,210,0,1333,TRUE,
2,1,2,7,3,training,212,1,0,201,210,0,899,TRUE,
2,1,3,7,4,training,213,0,0,201,210,0,979,TRUE,
1,2,3,7,5,training,123,1,0,201,210,0,1058,TRUE,
2,2,2,7,6,training,222,0,0,201,210,0,2782,TRUE,
1,1,2,7,7,training,112,1,0,201,210,1,1629,TRUE,
1,2,2,7,8,training,122,1,0,201,210,1,2612,TRUE,
1,1,2,7,9,training,112,1,0,201,210,1,1441,TRUE,
1,2,3,7,10,training,123,1,0,201,210,1,1589,TRUE,
2,1,3,7,11,training,213,0,0,201,210,1,1816,TRUE,
2,2,3,7,12,training,223,0,0,201,210,1,2428,TRUE,
1,1,3,7,13,training,113,0,0,201,210,0,592,TRUE,
2,1,2,7,14,training,212,1,0,201,210,1,1159,TRUE,
1,2,2,7,15,training,122,1,0,201,210,0,7960,TRUE,
2,2,2,7,16,training,222,0,0,201,210,1,4840,TRUE,
2,2,2,7,17,training,222,0,0,201,210,0,844,TRUE,
1,1,3,7,18,training,113,0,0,201,210,0,2578,TRUE,
2,2,3,7,19,training,223,0,0,201,210,0,5647,TRUE,
2,1,3,7,20,training,213,0,0,201,210,0,2598,TRUE,
1,2,3,7,21,training,123,1,0,201,210,0,1788,TRUE,
1,2,2,7,22,training,122,1,0,201,210,0,3178,TRUE,
2,1,2,7,23,training,212,1,0,201,210,0,1654,TRUE,
1,1,2,7,24,training,112,1,0,201,210,0,2812,TRUE,
2,2,2,7,25,training,222,0,0,201,210,0,1192,TRUE,
1,2,2,7,26,training,122,1,0,201,210,0,3242,TRUE,
1,2,3,7,27,training,123,1,0,201,210,0,4840,TRUE,
1,1,2,7,28,training,112,1,0,201,210,0,6468,TRUE,
2,2,3,7,29,training,223,0,0,201,210,0,1452,TRUE,
2,1,2,7,30,training,212,1,0,201,210,1,4225,TRUE,
1,1,3,7,31,training,113,0,0,201,210,0,1998,TRUE,
2,1,3,7,32,training,213,0,0,201,210,0,1308,TRUE,
2,2,3,7,33,training,223,0,0,201,210,0,1709,TRUE,
1,1,3,7,34,training,113,0,0,201,210,0,1533,TRUE,
1,2,2,7,35,training,122,1,0,201,210,0,1123,TRUE,
2,1,2,7,36,training,212,1,0,201,210,0,3268,TRUE,
2,2,2,7,37,training,222,0,0,201,210,0,2070,TRUE,
1,2,3,7,38,training,123,1,0,201,210,0,2501,TRUE,
1,1,2,7,39,training,112,1,0,201,210,1,1348,TRUE,
2,1,3,7,40,training,213,0,0,201,210,1,956,TRUE,
2,2,3,7,41,training,223,0,0,201,210,0,2455,TRUE,
2,2,2,7,42,training,222,0,0,201,210,0,1438,TRUE,
1,1,2,7,43,training,112,1,0,201,210,1,4669,TRUE,
1,1,3,7,44,training,113,0,0,201,210,1,1554,TRUE,
1,2,3,7,45,training,123,1,0,201,210,0,1314,TRUE,
1,2,2,7,46,training,122,1,0,201,210,1,886,TRUE,
2,1,3,7,47,training,213,0,0,201,210,0,967,TRUE,
2,1,2,7,48,training,212,1,0,201,210,0,2358,TRUE,
1,1,3,7,49,training,113,0,0,201,210,0,3842,TRUE,
2,1,2,7,50,training,212,1,0,201,210,1,1105,TRUE,
2,2,2,7,51,training,222,0,0,201,210,1,2704,TRUE,
1,2,2,7,52,training,122,1,0,201,210,1,2385,TRUE,
2,1,3,7,53,training,213,0,0,201,210,0,1287,TRUE,
1,1,2,7,54,training,112,1,0,201,210,1,3750,TRUE,
2,2,3,7,55,training,223,0,0,201,210,0,1762,TRUE,
1,2,3,7,56,training,123,1,0,201,210,0,1189,TRUE,
1,1,3,7,57,training,113,0,0,201,210,0,1167,TRUE,
1,1,2,7,58,training,112,1,0,201,210,1,2221,TRUE,
1,2,3,7,59,training,123,1,0,201,210,0,5636,TRUE,
2,1,2,7,60,training,212,1,0,201,210,0,2113,TRUE,
2,1,3,7,61,training,213,0,0,201,210,0,1422,TRUE,
2,2,2,7,62,training,222,0,0,201,210,0,1313,TRUE,
1,2,2,7,63,training,122,1,0,201,210,1,4281,TRUE,
2,2,3,7,64,training,223,0,0,201,210,0,1525,TRUE,
2,1,2,7,65,training,212,1,0,201,210,1,1307,TRUE,
2,2,3,7,66,training,223,0,0,201,210,0,1684,TRUE,
1,2,3,7,67,training,123,1,0,201,210,1,7335,TRUE,
1,1,2,7,68,training,112,1,0,201,210,1,939,TRUE,
1,2,2,7,69,training,122,1,0,201,210,1,1840,TRUE,
1,1,3,7,70,training,113,0,0,201,210,1,3618,TRUE,
2,2,2,7,71,training,222,0,0,201,210,0,1453,TRUE,
2,1,3,7,72,training,213,0,0,201,210,1,1949,TRUE,
2,1,2,7,73,training,212,1,0,201,210,1,1571,TRUE,
1,1,2,7,74,training,112,1,0,201,210,1,1138,TRUE,
2,2,3,7,75,training,223,0,0,201,210,0,1134,TRUE,
2,1,3,7,76,training,213,0,0,201,210,0,4933,TRUE,
2,2,2,7,77,training,222,0,0,201,210,0,1528,TRUE,
1,1,3,7,78,training,113,0,0,201,210,1,1232,TRUE,
1,2,2,7,79,training,122,1,0,201,210,1,4540,TRUE,
1,2,3,7,80,training,123,1,0,201,210,0,1666,TRUE,
1,1,3,7,81,training,113,0,0,201,210,0,2465,TRUE,
1,1,2,7,82,training,112,1,0,201,210,1,1683,TRUE,
1,2,3,7,83,training,123,1,0,201,210,1,3155,TRUE,
2,2,3,7,84,training,223,0,0,201,210,1,739,TRUE,
2,1,2,7,85,training,212,1,0,201,210,0,2517,TRUE,
1,2,2,7,86,training,122,1,0,201,210,1,3463,TRUE,
2,1,3,7,87,training,213,0,0,201,210,0,1932,TRUE,
2,2,2,7,88,training,222,0,0,201,210,0,2910,TRUE,
2,2,2,7,89,training,222,0,0,201,210,0,986,TRUE,
1,2,2,7,90,training,122,1,0,201,210,1,1961,TRUE,
1,1,2,7,91,training,112,1,0,201,210,1,1497,TRUE,
1,1,3,7,92,training,113,0,0,201,210,0,900,TRUE,
2,2,3,7,93,training,223,0,0,201,210,0,1414,TRUE,
1,2,3,7,94,training,123,1,0,201,210,0,1061,TRUE,
2,1,2,7,95,training,212,1,0,201,210,1,6047,TRUE,
2,1,3,7,96,training,213,0,0,201,210,0,1588,TRUE,
1,2,2,7,97,training,122,1,0,201,210,1,3046,TRUE,
1,1,3,7,98,training,113,0,0,201,210,0,2426,TRUE,
2,1,2,7,99,training,212,1,0,201,210,1,2403,TRUE,
2,1,3,7,100,training,213,0,0,201,210,0,827,TRUE,
1,2,3,7,101,training,123,1,0,201,210,0,4731,TRUE,
1,1,2,7,102,training,112,1,0,201,210,1,1490,TRUE,
2,2,2,7,103,training,222,0,0,201,210,0,1450,TRUE,
2,2,3,7,104,training,223,0,0,201,210,0,3323,TRUE,
1,1,3,7,105,training,113,0,0,201,210,0,1931,TRUE,
2,1,3,7,106,training,213,0,0,201,210,0,1274,TRUE,
2,2,2,7,107,training,222,0,0,201,210,0,1164,TRUE,
1,2,2,7,108,training,122,1,0,201,210,1,1144,TRUE,
1,1,2,7,109,training,112,1,0,201,210,1,1864,TRUE,
2,1,2,7,110,training,212,1,0,201,210,1,1676,TRUE,
2,2,3,7,111,training,223,0,0,201,210,0,1079,TRUE,
1,2,3,7,112,training,123,1,0,201,210,0,2277,TRUE,
1,2,3,7,113,training,123,1,0,201,210,0,2367,TRUE,
2,1,2,7,114,training,212,1,0,201,210,1,3489,TRUE,
1,1,2,7,115,training,112,1,0,201,210,1,1098,TRUE,
2,2,3,7,116,training,223,0,0,201,210,0,1250,TRUE,
2,1,3,7,117,training,213,0,0,201,210,0,3941,TRUE,
2,2,2,7,118,training,222,0,0,201,210,0,1445,TRUE,
1,1,3,7,119,training,113,0,0,201,210,1,1130,TRUE,
1,2,2,7,120,training,122,1,0,201,210,1,2700,TRUE,
1,2,3,7,121,training,123,1,0,201,210,0,5293,TRUE,
2,1,3,7,122,training,213,0,0,201,210,0,12045,TRUE,
1,1,2,7,123,training,112,1,0,201,210,1,6159,TRUE,
2,2,2,7,124,training,222,0,0,201,210,0,2279,TRUE,
1,1,3,7,125,training,113,0,0,201,210,0,7343,TRUE,
1,2,2,7,126,training,122,1,0,201,210,1,2103,TRUE,
2,2,3,7,127,training,223,0,0,201,210,0,2257,TRUE,
2,1,2,7,128,training,212,1,0,201,210,0,1462,TRUE,
1,2,2,7,129,training,122,1,0,201,210,1,2775,TRUE,
2,1,2,7,130,training,212,1,0,201,210,1,1968,TRUE,
2,2,3,7,131,training,223,0,0,201,210,0,1808,TRUE,
2,1,3,7,132,training,213,0,0,201,210,0,4029,TRUE,
1,1,2,7,133,training,112,1,0,201,210,1,1223,TRUE,
2,2,2,7,134,training,222,0,0,201,210,0,1320,TRUE,
1,1,3,7,135,training,113,0,0,201,210,1,2372,TRUE,
1,2,3,7,136,training,123,1,0,201,210,0,611,TRUE,
1,1,3,7,137,training,113,0,0,201,210,0,912,TRUE,
2,2,2,7,138,training,222,0,0,201,210,0,1041,TRUE,
1,1,2,7,139,training,112,1,0,201,210,0,2481,TRUE,
2,2,3,7,140,training,223,0,0,201,210,0,1531,TRUE,
2,1,2,7,141,training,212,1,0,201,210,1,1030,TRUE,
1,2,2,7,142,training,122,1,0,201,210,1,7828,TRUE,
1,2,3,7,143,training,123,1,0,201,210,0,1470,TRUE,
2,1,3,7,144,training,213,0,0,201,210,0,2614,TRUE,
1,1,3,7,145,training,113,0,0,201,210,0,1539,TRUE,
2,2,2,7,146,training,222,0,0,201,210,0,1433,TRUE,
1,2,3,7,147,training,123,1,0,201,210,0,1286,TRUE,
2,2,3,7,148,training,223,0,0,201,210,0,6027,TRUE,
1,1,2,7,149,training,112,1,0,201,210,1,1154,TRUE,
2,1,3,7,150,training,213,0,0,201,210,1,5527,TRUE,
1,2,2,7,151,training,122,1,0,201,210,1,3392,TRUE,
2,1,2,7,152,training,212,1,0,201,210,0,3143,TRUE,
2,2,3,7,153,training,223,0,0,201,210,0,1501,TRUE,
1,2,2,7,154,training,122,1,0,201,210,1,1343,TRUE,
1,1,3,7,155,training,113,0,0,201,210,1,1483,TRUE,
2,1,3,7,156,training,213,0,0,201,210,1,1756,TRUE,
1,1,2,7,157,training,112,1,0,201,210,1,1018,TRUE,
2,2,2,7,158,training,222,0,0,201,210,0,1485,TRUE,
2,1,2,7,159,training,212,1,0,201,210,1,3343,TRUE,
1,2,3,7,160,training,123,1,0,201,210,0,4238,TRUE,
1,1,3,7,161,training,113,0,0,201,210,0,4351,TRUE,
2,2,3,7,162,training,223,0,0,201,210,0,12812,TRUE,
2,2,2,7,163,training,222,0,0,201,210,0,1432,TRUE,
2,1,3,7,164,training,213,0,0,201,210,0,3553,TRUE,
1,2,2,7,165,training,122,1,0,201,210,1,2045,TRUE,
2,1,2,7,166,training,212,1,0,201,210,1,6245,TRUE,
1,1,2,7,167,training,112,1,0,201,210,1,2645,TRUE,
1,2,3,7,168,training,123,1,0,201,210,0,1144,TRUE,
1,1,3,7,169,training,113,0,0,201,210,0,1737,TRUE,
2,2,2,7,170,training,222,0,0,201,210,0,1650,TRUE,
1,1,2,7,171,training,112,1,0,201,210,1,1829,TRUE,
1,2,2,7,172,training,122,1,0,201,210,1,2735,TRUE,
2,1,3,7,173,training,213,0,0,201,210,0,1427,TRUE,
2,1,2,7,174,training,212,1,0,201,210,1,2098,TRUE,
2,2,3,7,175,training,223,0,0,201,210,0,1133,TRUE,
1,2,3,7,176,training,123,1,0,201,210,0,3665,TRUE,
2,2,3,7,177,training,223,0,0,201,210,0,2997,TRUE,
2,2,2,7,178,training,222,0,0,201,210,0,1242,TRUE,
2,1,2,7,179,training,212,1,0,201,210,1,1437,TRUE,
1,2,3,7,180,training,123,1,0,201,210,0,2255,TRUE,
1,1,3,7,181,training,113,0,0,201,210,1,810,TRUE,
2,1,3,7,182,training,213,0,0,201,210,0,4186,TRUE,
1,1,2,7,183,training,112,1,0,201,210,1,3501,TRUE,
1,2,2,7,184,training,122,1,0,201,210,0,1415,TRUE,
2,1,3,7,185,training,213,0,0,201,210,0,1555,TRUE,
2,2,3,7,186,training,223,0,0,201,210,0,7649,TRUE,
1,2,2,7,187,training,122,1,0,201,210,1,2948,TRUE,
1,2,3,7,188,training,123,1,0,201,210,0,1882,TRUE,
1,1,2,7,189,training,112,1,0,201,210,1,1102,TRUE,
1,1,3,7,190,training,113,0,0,201,210,0,1270,TRUE,
2,1,2,7,191,training,212,1,0,201,210,1,3064,TRUE,
2,2,2,7,192,training,222,0,0,201,210,0,1338,TRUE,
2,1,3,7,193,training,213,0,0,201,210,0,1134,TRUE,
1,1,3,7,194,training,113,0,0,201,210,0,1346,TRUE,
1,2,3,7,195,training,123,1,0,201,210,1,2104,TRUE,
2,2,2,7,196,training,222,0,0,201,210,0,833,TRUE,
2,1,2,7,197,training,212,1,0,201,210,1,4421,TRUE,
2,2,3,7,198,training,223,0,0,201,210,0,5055,TRUE,
1,1,2,7,199,training,112,1,0,201,210,1,1752,TRUE,
1,2,2,7,200,training,122,1,0,201,210,0,6490,TRUE,
2,2,2,7,201,training,222,0,0,201,210,0,1156,TRUE,
1,1,2,7,202,training,112,1,0,201,210,1,1097,TRUE,
1,2,3,7,203,training,123,1,0,201,210,0,1123,TRUE,
1,1,3,7,204,training,113,0,0,201,210,1,6087,TRUE,
1,2,2,7,205,training,122,1,0,201,210,1,1643,TRUE,
2,1,2,7,206,training,212,1,0,201,210,0,3254,TRUE,
2,1,3,7,207,training,213,0,0,201,210,0,1022,TRUE,
2,2,3,7,208,training,223,0,0,201,210,0,1465,TRUE,
2,1,2,7,209,training,212,1,0,201,210,1,1137,TRUE,
2,1,3,7,210,training,213,0,0,201,210,0,1017,TRUE,
2,2,2,7,211,training,222,0,0,201,210,0,910,TRUE,
1,1,3,7,212,training,113,0,0,201,210,0,1018,TRUE,
1,2,3,7,213,training,123,1,0,201,210,0,3142,TRUE,
1,2,2,7,214,training,122,1,0,201,210,0,3581,TRUE,
2,2,3,7,215,training,223,0,0,201,210,0,1189,TRUE,
1,1,2,7,216,training,112,1,0,201,210,1,1464,TRUE,
2,1,2,7,217,training,212,1,0,201,210,1,1808,TRUE,
2,2,2,7,218,training,222,0,0,201,210,0,978,TRUE,
2,1,3,7,219,training,213,0,0,201,210,0,2563,TRUE,
1,2,2,7,220,training,122,1,0,201,210,0,2011,TRUE,
1,1,3,7,221,training,113,0,0,201,210,0,3602,TRUE,
1,2,3,7,222,training,123,1,0,201,210,0,1225,TRUE,
2,2,3,7,223,training,223,0,0,201,210,0,1581,TRUE,
1,1,2,7,224,training,112,1,0,201,210,1,821,TRUE,
1,2,2,7,225,training,122,1,0,201,210,1,1216,TRUE,
1,1,3,7,226,training,113,0,0,201,210,0,817,TRUE,
2,2,3,7,227,training,223,0,0,201,210,0,879,TRUE,
2,1,3,7,228,training,213,0,0,201,210,0,821,TRUE,
1,1,2,7,229,training,112,1,0,201,210,1,962,TRUE,
1,2,3,7,230,training,123,1,0,201,210,0,1631,TRUE,
2,1,2,7,231,training,212,1,0,201,210,1,1261,TRUE,
2,2,2,7,232,training,222,0,0,201,210,0,1530,TRUE,
2,2,2,7,233,training,222,0,0,201,210,0,1659,TRUE,
2,2,3,7,234,training,223,0,0,201,210,0,1600,TRUE,
1,2,3,7,235,training,123,1,0,201,210,0,5823,TRUE,
1,1,3,7,236,training,113,0,0,201,210,1,789,TRUE,
2,1,3,7,237,training,213,0,0,201,210,1,1602,TRUE,
2,1,2,7,238,training,212,1,0,201,210,1,2237,TRUE,
1,2,2,7,239,training,122,1,0,201,210,1,1164,TRUE,
1,1,2,7,240,training,112,1,0,201,210,0,1278,TRUE,
1,1,3,7,241,training,113,0,0,201,210,0,755,TRUE,
2,2,3,7,242,training,223,0,0,201,210,0,1166,TRUE,
1,2,3,7,243,training,123,1,0,201,210,1,2104,TRUE,
1,2,2,7,244,training,122,1,0,201,210,1,1587,TRUE,
1,1,2,7,245,training,112,1,0,201,210,1,1791,TRUE,
2,2,2,7,246,training,222,0,0,201,210,0,917,TRUE,
2,1,2,7,247,training,212,1,0,201,210,0,4879,TRUE,
2,1,3,7,248,training,213,0,0,201,210,0,1084,TRUE,
1,2,2,7,249,training,122,1,0,201,210,1,1724,TRUE,
2,2,2,7,250,training,222,0,0,201,210,0,1509,TRUE,
2,2,3,7,251,training,223,0,0,201,210,0,1071,TRUE,
1,1,3,7,252,training,113,0,0,201,210,0,1880,TRUE,
2,1,3,7,253,training,213,0,0,201,210,0,2685,TRUE,
1,2,3,7,254,training,123,1,0,201,210,1,1995,TRUE,
1,1,2,7,255,training,112,1,0,201,210,1,1036,TRUE,
2,1,2,7,256,training,212,1,0,201,210,1,1779,TRUE,
1,1,3,7,257,training,113,0,0,201,210,0,959,TRUE,
1,2,3,7,258,training,123,1,0,201,210,0,2576,TRUE,
2,2,2,7,259,training,222,0,0,201,210,0,1273,TRUE,
1,2,2,7,260,training,122,1,0,201,210,1,2235,TRUE,
2,1,3,7,261,training,213,0,0,201,210,0,1591,TRUE,
2,1,2,7,262,training,212,1,0,201,210,1,2268,TRUE,
2,2,3,7,263,training,223,0,0,201,210,0,1470,TRUE,
1,1,2,7,264,training,112,1,0,201,210,1,1488,TRUE,
1,2,2,7,265,training,122,1,0,201,210,1,4319,TRUE,
2,1,3,7,266,training,213,0,0,201,210,0,1581,TRUE,
1,2,3,7,267,training,123,1,0,201,210,1,2539,TRUE,
2,2,2,7,268,training,222,0,0,201,210,0,1212,TRUE,
1,1,3,7,269,training,113,0,0,201,210,0,1083,TRUE,
2,1,2,7,270,training,212,1,0,201,210,1,8379,TRUE,
1,1,2,7,271,training,112,1,0,201,210,1,3493,TRUE,
2,2,3,7,272,training,223,0,0,201,210,0,1273,TRUE,
2,2,2,7,273,training,222,0,0,201,210,0,1075,TRUE,
1,1,3,7,274,training,113,0,0,201,210,0,1084,TRUE,
2,2,3,7,275,training,223,0,0,201,210,0,1156,TRUE,
2,1,3,7,276,training,213,0,0,201,210,0,2785,TRUE,
1,2,3,7,277,training,123,1,0,201,210,1,975,TRUE,
2,1,2,7,278,training,212,1,0,201,210,1,4593,TRUE,
1,2,2,7,279,training,122,1,0,201,210,1,1272,TRUE,
1,1,2,7,280,training,112,1,0,201,210,1,1708,TRUE,
2,2,3,7,281,training,223,0,0,201,210,0,944,TRUE,
2,1,3,7,282,training,213,0,0,201,210,0,5283,TRUE,
1,1,3,7,283,familiarization,113,0,0,201,210,,,TRUE,760
2,2,3,7,284,familiarization,223,0,0,201,210,,,TRUE,760
1,1,2,7,285,familiarization,112,1,0,201,210,1,634,TRUE,760
1,2,3,7,286,familiarization,123,1,0,201,210,0,629,TRUE,760
2,1,2,7,287,familiarization,212,1,0,201,210,,,TRUE,760
2,2,2,7,288,familiarization,222,0,0,201,210,,,TRUE,760
2,1,3,7,289,familiarization,213,0,0,201,210,0,672,TRUE,760
1,2,2,7,290,familiarization,122,1,0,201,210,1,544,TRUE,760
2,2,2,7,291,familiarization,222,0,0,201,210,0,531,TRUE,760
1,1,3,7,292,familiarization,113,0,0,201,210,0,742,TRUE,760
1,1,2,7,293,familiarization,112,1,0,201,210,0,702,TRUE,760
2,1,2,7,294,familiarization,212,1,0,201,210,1,483,TRUE,760
1,2,3,7,295,familiarization,123,1,0,201,210,0,439,TRUE,760
2,1,3,7,296,familiarization,213,0,0,201,210,0,529,TRUE,760
1,2,2,7,297,familiarization,122,1,0,201,210,0,478,TRUE,760
2,2,3,7,298,familiarization,223,0,0,201,210,0,536,TRUE,760
2,1,2,7,299,familiarization,212,1,0,201,210,1,579,TRUE,760
2,2,2,7,300,familiarization,222,0,0,201,210,0,491,TRUE,760
1,2,2,7,301,familiarization,122,1,0,201,210,0,419,TRUE,760
2,1,3,7,302,familiarization,213,0,0,201,210,0,463,TRUE,760
1,1,3,7,303,familiarization,113,0,0,201,210,0,487,TRUE,760
1,2,3,7,304,familiarization,123,1,0,201,210,0,544,TRUE,760
2,2,3,7,305,familiarization,223,0,0,201,210,0,532,TRUE,760
1,1,2,7,306,familiarization,112,1,0,201,210,1,472,TRUE,760
2,2,2,7,307,familiarization,222,0,0,201,210,0,450,TRUE,760
2,1,3,7,308,familiarization,213,0,0,201,210,1,328,TRUE,760
1,2,2,7,309,familiarization,122,1,0,201,210,0,272,TRUE,760
2,1,2,7,310,familiarization,212,1,0,201,210,,,TRUE,760
1,1,2,7,311,familiarization,112,1,0,201,210,0,555,TRUE,760
1,2,3,7,312,familiarization,123,1,0,201,210,0,603,TRUE,760
1,1,3,7,313,familiarization,113,0,0,201,210,1,416,TRUE,760
2,2,3,7,314,familiarization,223,0,0,201,210,0,340,TRUE,760
1,1,3,7,315,test,113,,0,201,210,,,TRUE,760
3,4,2,7,316,test,342,,0,201,210,1,563,TRUE,760
1,1,4,7,317,test,114,,0,201,210,0,367,TRUE,760
2,1,2,7,318,test,212,,0,201,210,,,TRUE,760
2,1,1,7,319,test,211,,0,201,210,0,652,TRUE,760
3,3,2,7,320,test,332,,0,201,210,0,502,TRUE,760
1,2,3,7,321,test,123,,0,201,210,0,494,TRUE,760
2,2,2,7,322,test,222,,0,201,210,1,478,TRUE,760
4,4,2,7,323,test,442,,0,201,210,1,678,TRUE,760
4,3,2,7,324,test,432,,0,201,210,1,522,TRUE,760
3,3,2,7,325,test,332,,0,201,210,0,312,TRUE,760
2,1,1,7,326,test,211,,0,201,210,,,TRUE,760
2,1,2,7,327,test,212,,0,201,210,0,479,TRUE,760
3,4,2,7,328,test,342,,0,201,210,,,TRUE,760
1,1,3,7,329,test,113,,0,201,210,0,564,TRUE,760
4,3,2,7,330,test,432,,0,201,210,1,518,TRUE,760
4,4,2,7,331,test,442,,0,201,210,1,443,TRUE,760
1,1,4,7,332,test,114,,0,201,210,0,412,TRUE,760
2,2,2,7,333,test,222,,0,201,210,1,343,TRUE,760
1,2,3,7,334,test,123,,0,201,210,0,525,TRUE,760
2,1,2,7,335,test,212,,0,201,210,0,500,TRUE,760
2,2,2,7,336,test,222,,0,201,210,0,553,TRUE,760
1,2,3,7,337,test,123,,0,201,210,0,577,TRUE,760
1,1,3,7,338,test,113,,0,201,210,0,418,TRUE,760
1,1,4,7,339,test,114,,0,201,210,0,573,TRUE,760
4,3,2,7,340,test,432,,0,201,210,1,558,TRUE,760
3,4,2,7,341,test,342,,0,201,210,0,321,TRUE,760
3,3,2,7,342,test,332,,0,201,210,0,438,TRUE,760
2,1,1,7,343,test,211,,0,201,210,,,TRUE,760
4,4,2,7,344,test,442,,0,201,210,1,648,TRUE,760
2,1,1,7,345,test,211,,0,201,210,0,557,TRUE,760
3,3,2,7,346,test,332,,0,201,210,,,TRUE,760
1,2,3,7,347,test,123,,0,201,210,0,753,TRUE,760
2,1,2,7,348,test,212,,0,201,210,0,409,TRUE,760
1,1,4,7,349,test,114,,0,201,210,0,488,TRUE,760
4,4,2,7,350,test,442,,0,201,210,1,569,TRUE,760
4,3,2,7,351,test,432,,0,201,210,1,483,TRUE,760
1,1,3,7,352,test,113,,0,201,210,0,446,TRUE,760
3,4,2,7,353,test,342,,0,201,210,1,564,TRUE,760
2,2,2,7,354,test,222,,0,201,210,0,483,TRUE,760
4,4,2,7,355,test,442,,0,201,210,,,TRUE,760
3,3,2,7,356,test,332,,0,201,210,1,691,TRUE,760
1,2,3,7,357,test,123,,0,201,210,1,249,TRUE,760
2,1,2,7,358,test,212,,0,201,210,,,TRUE,760
1,1,4,7,359,test,114,,0,201,210,,,TRUE,760
3,4,2,7,360,test,342,,0,201,210,1,584,TRUE,760
2,1,1,7,361,test,211,,0,201,210,0,616,TRUE,760
1,1,3,7,362,test,113,,0,201,210,0,503,TRUE,760
2,2,2,7,363,test,222,,0,201,210,1,457,TRUE,760
4,3,2,7,364,test,432,,0,201,210,,,TRUE,760
2,1,1,7,365,test,211,,0,201,210,,,TRUE,760
1,1,4,7,366,test,114,,0,201,210,0,582,TRUE,760
2,1,2,7,367,test,212,,0,201,210,0,493,TRUE,760
2,2,2,7,368,test,222,,0,201,210,1,526,TRUE,760
3,3,2,7,369,test,332,,0,201,210,1,576,TRUE,760
1,1,3,7,370,test,113,,0,201,210,0,459,TRUE,760
4,3,2,7,371,test,432,,0,201,210,1,561,TRUE,760
3,4,2,7,372,test,342,,0,201,210,1,606,TRUE,760
4,4,2,7,373,test,442,,0,201,210,1,481,TRUE,760
1,2,3,7,374,test,123,,0,201,210,0,512,TRUE,760
3,3,2,7,375,test,332,,0,201,210,1,713,TRUE,760
1,2,3,7,376,test,123,,0,201,210,0,539,TRUE,760
2,1,1,7,377,test,211,,0,201,210,,,TRUE,760
2,1,2,7,378,test,212,,0,201,210,1,665,TRUE,760
2,2,2,7,379,test,222,,0,201,210,0,609,TRUE,760
1,1,3,7,380,test,113,,0,201,210,0,684,TRUE,760
3,4,2,7,381,test,342,,0,201,210,1,437,TRUE,760
4,3,2,7,382,test,432,,0,201,210,1,442,TRUE,760
1,1,4,7,383,test,114,,0,201,210,0,429,TRUE,760
4,4,2,7,384,test,442,,0,201,210,1,392,TRUE,760
1,1,4,7,385,test,114,,0,201,210,0,430,TRUE,760
2,2,2,7,386,test,222,,0,201,210,1,518,TRUE,760
1,1,3,7,387,test,113,,0,201,210,,,TRUE,760
4,3,2,7,388,test,432,,0,201,210,,,TRUE,760
2,1,2,7,389,test,212,,0,201,210,,,TRUE,760
2,1,1,7,390,test,211,,0,201,210,1,669,TRUE,760
4,4,2,7,391,test,442,,0,201,210,1,563,TRUE,760
3,4,2,7,392,test,342,,0,201,210,1,681,TRUE,760
3,3,2,7,393,test,332,,0,201,210,1,460,TRUE,760
1,2,3,7,394,test,123,,0,201,210,0,543,TRUE,760
3,4,2,7,395,test,342,,0,201,210,1,662,TRUE,760
2,1,1,7,396,test,211,,0,201,210,,,TRUE,760
3,3,2,7,397,test,332,,0,201,210,1,340,TRUE,760
1,2,3,7,398,test,123,,0,201,210,,,TRUE,760
1,1,3,7,399,test,113,,0,201,210,0,563,TRUE,760
2,2,2,7,400,test,222,,0,201,210,1,548,TRUE,760
4,4,2,7,401,test,442,,0,201,210,1,519,TRUE,760
2,1,2,7,402,test,212,,0,201,210,0,530,TRUE,760
1,1,4,7,403,test,114,,0,201,210,0,496,TRUE,760
4,3,2,7,404,test,432,,0,201,210,1,572,TRUE,760
1,1,3,7,405,test,113,,0,201,210,0,511,TRUE,760
4,4,2,7,406,test,442,,0,201,210,1,555,TRUE,760
3,4,2,7,407,test,342,,0,201,210,1,577,TRUE,760
1,2,3,7,408,test,123,,0,201,210,0,502,TRUE,760
2,2,2,7,409,test,222,,0,201,210,,,TRUE,760
2,1,2,7,410,test,212,,0,201,210,,,TRUE,760
3,3,2,7,411,test,332,,0,201,210,0,488,TRUE,760
1,1,4,7,412,test,114,,0,201,210,0,589,TRUE,760
2,1,1,7,413,test,211,,0,201,210,1,527,TRUE,760
4,3,2,7,414,test,432,,0,201,210,1,740,TRUE,760
4,3,2,7,415,test,432,,0,201,210,1,530,TRUE,760
3,3,2,7,416,test,332,,0,201,210,1,626,TRUE,760
1,1,4,7,417,test,114,,0,201,210,0,592,TRUE,760
2,1,1,7,418,test,211,,0,201,210,,,TRUE,760
2,2,2,7,419,test,222,,0,201,210,,,TRUE,760
1,2,3,7,420,test,123,,0,201,210,,,TRUE,760
1,1,3,7,421,test,113,,0,201,210,1,700,TRUE,760
3,4,2,7,422,test,342,,0,201,210,,,TRUE,760
2,1,2,7,423,test,212,,0,201,210,0,660,TRUE,760
4,4,2,7,424,test,442,,0,201,210,1,645,TRUE,760
2,1,2,7,425,test,212,,0,201,210,,,TRUE,760
4,4,2,7,426,test,442,,0,201,210,1,695,TRUE,760
1,2,3,7,427,test,123,,0,201,210,,,TRUE,760
2,2,2,7,428,test,222,,0,201,210,,,TRUE,760
1,1,3,7,429,test,113,,0,201,210,,,TRUE,760
1,1,4,7,430,test,114,,0,201,210,,,TRUE,760
2,1,1,7,431,test,211,,0,201,210,1,541,TRUE,760
3,4,2,7,432,test,342,,0,201,210,1,502,TRUE,760
3,3,2,7,433,test,332,,0,201,210,1,682,TRUE,760
4,3,2,7,434,test,432,,0,201,210,,,TRUE,760
3,3,2,7,435,test,332,,0,201,210,0,492,TRUE,760
1,1,4,7,436,test,114,,0,201,210,0,633,TRUE,760
4,3,2,7,437,test,432,,0,201,210,1,711,TRUE,760
3,4,2,7,438,test,342,,0,201,210,,,TRUE,760
2,2,2,7,439,test,222,,0,201,210,,,TRUE,760
2,1,2,7,440,test,212,,0,201,210,1,736,TRUE,760
1,2,3,7,441,test,123,,0,201,210,0,648,TRUE,760
1,1,3,7,442,test,113,,0,201,210,0,428,TRUE,760
2,1,1,7,443,test,211,,0,201,210,1,495,TRUE,760
4,4,2,7,444,test,442,,0,201,210,1,510,TRUE,760
2,1,2,7,445,test,212,,0,201,210,,,TRUE,760
4,3,2,7,446,test,432,,0,201,210,1,738,TRUE,760
2,2,2,7,447,test,222,,0,201,210,1,658,TRUE,760
1,2,3,7,448,test,123,,0,201,210,0,565,TRUE,760
4,4,2,7,449,test,442,,0,201,210,1,607,TRUE,760
1,1,3,7,450,test,113,,0,201,210,1,517,TRUE,760
3,3,2,7,451,test,332,,0,201,210,1,721,TRUE,760
1,1,4,7,452,test,114,,0,201,210,1,655,TRUE,760
3,4,2,7,453,test,342,,0,201,210,1,726,TRUE,760
2,1,1,7,454,test,211,,0,201,210,,,TRUE,760
2,2,3,9,1,training,223,0,0,102,102,0,31125,TRUE,
2,2,2,9,2,training,222,0,0,102,102,1,3711,TRUE,
1,2,3,9,3,training,123,1,0,102,102,0,19841,TRUE,
2,1,3,9,4,training,213,0,0,102,102,0,7129,TRUE,
1,2,2,9,5,training,122,1,0,102,102,1,5825,TRUE,
2,1,2,9,6,training,212,1,0,102,102,1,4019,TRUE,
1,1,3,9,7,training,113,0,0,102,102,1,6009,TRUE,
1,1,2,9,8,training,112,1,0,102,102,1,4206,TRUE,
1,1,3,9,9,training,113,0,0,102,102,1,3993,TRUE,
1,1,2,9,10,training,112,1,0,102,102,1,3440,TRUE,
1,2,2,9,11,training,122,1,0,102,102,0,3774,TRUE,
2,1,3,9,12,training,213,0,0,102,102,0,4765,TRUE,
2,1,2,9,13,training,212,1,0,102,102,1,2264,TRUE,
1,2,3,9,14,training,123,1,0,102,102,0,2541,TRUE,
2,2,2,9,15,training,222,0,0,102,102,1,3214,TRUE,
2,2,3,9,16,training,223,0,0,102,102,1,3659,TRUE,
2,1,3,9,17,training,213,0,0,102,102,1,2902,TRUE,
1,1,2,9,18,training,112,1,0,102,102,0,1946,TRUE,
2,2,2,9,19,training,222,0,0,102,102,1,4827,TRUE,
1,2,3,9,20,training,123,1,0,102,102,0,2559,TRUE,
2,1,2,9,21,training,212,1,0,102,102,1,3841,TRUE,
1,2,2,9,22,training,122,1,0,102,102,1,2634,TRUE,
1,1,3,9,23,training,113,0,0,102,102,1,3829,TRUE,
2,2,3,9,24,training,223,0,0,102,102,1,1944,TRUE,
1,1,2,9,25,training,112,1,0,102,102,0,2747,TRUE,
1,2,2,9,26,training,122,1,0,102,102,1,2657,TRUE,
1,2,3,9,27,training,123,1,0,102,102,0,3313,TRUE,
2,1,3,9,28,training,213,0,0,102,102,1,13788,TRUE,
1,1,3,9,29,training,113,0,0,102,102,1,4307,TRUE,
2,2,2,9,30,training,222,0,0,102,102,0,3383,TRUE,
2,1,2,9,31,training,212,1,0,102,102,0,3553,TRUE,
2,2,3,9,32,training,223,0,0,102,102,1,4993,TRUE,
2,2,3,9,33,training,223,0,0,102,102,1,3089,TRUE,
1,2,2,9,34,training,122,1,0,102,102,0,2414,TRUE,
2,1,2,9,35,training,212,1,0,102,102,1,1851,TRUE,
1,1,2,9,36,training,112,1,0,102,102,0,3783,TRUE,
1,2,3,9,37,training,123,1,0,102,102,0,6013,TRUE,
2,2,2,9,38,training,222,0,0,102,102,1,2692,TRUE,
1,1,3,9,39,training,113,0,0,102,102,0,1517,TRUE,
2,1,3,9,40,training,213,0,0,102,102,0,3002,TRUE,
1,2,2,9,41,training,122,1,0,102,102,1,2133,TRUE,
2,1,3,9,42,training,213,0,0,102,102,0,2901,TRUE,
2,1,2,9,43,training,212,1,0,102,102,1,2354,TRUE,
2,2,2,9,44,training,222,0,0,102,102,0,4437,TRUE,
1,1,3,9,45,training,113,0,0,102,102,0,2700,TRUE,
1,2,3,9,46,training,123,1,0,102,102,1,4394,TRUE,
1,1,2,9,47,training,112,1,0,102,102,1,2072,TRUE,
2,2,3,9,48,training,223,0,0,102,102,0,4055,TRUE,
1,1,2,9,49,training,112,1,0,102,102,1,2008,TRUE,
2,2,2,9,50,training,222,0,0,102,102,0,2449,TRUE,
2,2,3,9,51,training,223,0,0,102,102,0,3188,TRUE,
1,1,3,9,52,training,113,0,0,102,102,0,3778,TRUE,
2,1,2,9,53,training,212,1,0,102,102,0,6608,TRUE,
2,1,3,9,54,training,213,0,0,102,102,1,2447,TRUE,
1,2,3,9,55,training,123,1,0,102,102,1,3123,TRUE,
1,2,2,9,56,training,122,1,0,102,102,0,2753,TRUE,
2,1,2,9,57,training,212,1,0,102,102,1,2704,TRUE,
1,1,2,9,58,training,112,1,0,102,102,1,9528,TRUE,
2,1,3,9,59,training,213,0,0,102,102,1,4715,TRUE,
2,2,3,9,60,training,223,0,0,102,102,0,5110,TRUE,
2,2,2,9,61,training,222,0,0,102,102,0,3942,TRUE,
1,2,3,9,62,training,123,1,0,102,102,1,4927,TRUE,
1,2,2,9,63,training,122,1,0,102,102,0,6177,TRUE,
1,1,3,9,64,training,113,0,0,102,102,1,7323,TRUE,
1,1,3,9,65,training,113,0,0,102,102,0,2784,TRUE,
2,2,2,9,66,training,222,0,0,102,102,0,7018,TRUE,
2,2,3,9,67,training,223,0,0,102,102,1,6857,TRUE,
2,1,3,9,68,training,213,0,0,102,102,1,4123,TRUE,
1,2,3,9,69,training,123,1,0,102,102,0,6325,TRUE,
2,1,2,9,70,training,212,1,0,102,102,0,5866,TRUE,
1,1,2,9,71,training,112,1,0,102,102,0,2321,TRUE,
1,2,2,9,72,training,122,1,0,102,102,0,3494,TRUE,
1,1,2,9,73,training,112,1,0,102,102,1,2585,TRUE,
2,2,2,9,74,training,222,0,0,102,102,1,2754,TRUE,
2,2,3,9,75,training,223,0,0,102,102,0,1672,TRUE,
1,2,2,9,76,training,122,1,0,102,102,1,1758,TRUE,
1,1,3,9,77,training,113,0,0,102,102,0,4284,TRUE,
2,1,3,9,78,training,213,0,0,102,102,1,2135,TRUE,
1,2,3,9,79,training,123,1,0,102,102,0,2974,TRUE,
2,1,2,9,80,training,212,1,0,102,102,0,2067,TRUE,
2,1,3,9,81,training,213,0,0,102,102,1,2312,TRUE,
2,2,3,9,82,training,223,0,0,102,102,1,2567,TRUE,
1,1,2,9,83,training,112,1,0,102,102,0,1421,TRUE,
2,1,2,9,84,training,212,1,0,102,102,0,1921,TRUE,
1,2,2,9,85,training,122,1,0,102,102,1,2233,TRUE,
1,1,3,9,86,training,113,0,0,102,102,1,3713,TRUE,
2,2,2,9,87,training,222,0,0,102,102,0,2450,TRUE,
1,2,3,9,88,training,123,1,0,102,102,1,2540,TRUE,
2,2,2,9,89,training,222,0,0,102,102,0,1551,TRUE,
1,2,3,9,90,training,123,1,0,102,102,1,2757,TRUE,
1,1,3,9,91,training,113,0,0,102,102,1,2733,TRUE,
1,2,2,9,92,training,122,1,0,102,102,1,2918,TRUE,
2,1,3,9,93,training,213,0,0,102,102,1,2783,TRUE,
2,1,2,9,94,training,212,1,0,102,102,1,5488,TRUE,
1,1,2,9,95,training,112,1,0,102,102,1,3283,TRUE,
2,2,3,9,96,training,223,0,0,102,102,1,3592,TRUE,
1,2,2,9,97,training,122,1,0,102,102,1,3943,TRUE,
2,2,3,9,98,training,223,0,0,102,102,0,3775,TRUE,
2,2,2,9,99,training,222,0,0,102,102,1,2110,TRUE,
1,1,3,9,100,training,113,0,0,102,102,1,3128,TRUE,
1,2,3,9,101,training,123,1,0,102,102,1,5061,TRUE,
2,1,3,9,102,training,213,0,0,102,102,0,5401,TRUE,
1,1,2,9,103,training,112,1,0,102,102,0,4095,TRUE,
2,1,2,9,104,training,212,1,0,102,102,1,2333,TRUE,
1,1,2,9,105,training,112,1,0,102,102,1,4096,TRUE,
2,2,2,9,106,training,222,0,0,102,102,0,1852,TRUE,
1,1,3,9,107,training,113,0,0,102,102,1,3378,TRUE,
1,2,3,9,108,training,123,1,0,102,102,1,3290,TRUE,
2,2,3,9,109,training,223,0,0,102,102,1,4691,TRUE,
1,2,2,9,110,training,122,1,0,102,102,0,2857,TRUE,
2,1,3,9,111,training,213,0,0,102,102,0,2664,TRUE,
2,1,2,9,112,training,212,1,0,102,102,0,2842,TRUE,
1,1,2,9,113,training,112,1,0,102,102,0,3738,TRUE,
1,1,3,9,114,training,113,0,0,102,102,1,1417,TRUE,
2,2,3,9,115,training,223,0,0,102,102,1,3114,TRUE,
2,2,2,9,116,training,222,0,0,102,102,0,1293,TRUE,
1,2,2,9,117,training,122,1,0,102,102,0,3684,TRUE,
2,1,3,9,118,training,213,0,0,102,102,1,4534,TRUE,
1,2,3,9,119,training,123,1,0,102,102,1,2937,TRUE,
2,1,2,9,120,training,212,1,0,102,102,0,2391,TRUE,
1,1,3,9,121,training,113,0,0,102,102,0,2968,TRUE,
2,2,2,9,122,training,222,0,0,102,102,0,1568,TRUE,
2,2,3,9,123,training,223,0,0,102,102,1,1950,TRUE,
1,1,2,9,124,training,112,1,0,102,102,1,6333,TRUE,
1,2,3,9,125,training,123,1,0,102,102,1,6893,TRUE,
1,2,2,9,126,training,122,1,0,102,102,0,2910,TRUE,
2,1,2,9,127,training,212,1,0,102,102,0,3600,TRUE,
2,1,3,9,128,training,213,0,0,102,102,0,3377,TRUE,
1,2,3,9,129,training,123,1,0,102,102,1,3720,TRUE,
2,2,3,9,130,training,223,0,0,102,102,1,4645,TRUE,
1,1,3,9,131,training,113,0,0,102,102,0,2228,TRUE,
2,2,2,9,132,training,222,0,0,102,102,0,1433,TRUE,
2,1,2,9,133,training,212,1,0,102,102,1,2128,TRUE,
1,2,2,9,134,training,122,1,0,102,102,1,4968,TRUE,
1,1,2,9,135,training,112,1,0,102,102,0,2006,TRUE,
2,1,3,9,136,training,213,0,0,102,102,0,3602,TRUE,
2,2,2,9,137,training,222,0,0,102,102,0,1267,TRUE,
2,2,3,9,138,training,223,0,0,102,102,1,3652,TRUE,
2,1,3,9,139,training,213,0,0,102,102,0,3187,TRUE,
1,1,2,9,140,training,112,1,0,102,102,0,1568,TRUE,
1,1,3,9,141,training,113,0,0,102,102,0,2285,TRUE,
1,2,2,9,142,training,122,1,0,102,102,1,3940,TRUE,
2,1,2,9,143,training,212,1,0,102,102,1,4967,TRUE,
1,2,3,9,144,training,123,1,0,102,102,1,2322,TRUE,
2,1,3,9,145,training,213,0,0,102,102,0,2719,TRUE,
2,1,2,9,146,training,212,1,0,102,102,0,5249,TRUE,
2,2,3,9,147,training,223,0,0,102,102,0,3508,TRUE,
1,2,2,9,148,training,122,1,0,102,102,1,4090,TRUE,
1,2,3,9,149,training,123,1,0,102,102,1,2787,TRUE,
1,1,2,9,150,training,112,1,0,102,102,0,2809,TRUE,
1,1,3,9,151,training,113,0,0,102,102,0,2751,TRUE,
2,2,2,9,152,training,222,0,0,102,102,0,1550,TRUE,
2,2,2,9,153,training,222,0,0,102,102,0,1954,TRUE,
1,1,2,9,154,training,112,1,0,102,102,1,2291,TRUE,
2,1,3,9,155,training,213,0,0,102,102,0,2980,TRUE,
1,2,2,9,156,training,122,1,0,102,102,1,2259,TRUE,
2,1,2,9,157,training,212,1,0,102,102,0,2724,TRUE,
2,2,3,9,158,training,223,0,0,102,102,0,3727,TRUE,
1,1,3,9,159,training,113,0,0,102,102,0,2327,TRUE,
1,2,3,9,160,training,123,1,0,102,102,1,4349,TRUE,
2,2,2,9,161,training,222,0,0,102,102,0,1358,TRUE,
1,2,2,9,162,training,122,1,0,102,102,0,2256,TRUE,
2,1,3,9,163,training,213,0,0,102,102,0,2638,TRUE,
2,2,3,9,164,training,223,0,0,102,102,0,3414,TRUE,
2,1,2,9,165,training,212,1,0,102,102,0,6543,TRUE,
1,1,3,9,166,training,113,0,0,102,102,0,2516,TRUE,
1,1,2,9,167,training,112,1,0,102,102,1,2502,TRUE,
1,2,3,9,168,training,123,1,0,102,102,1,4773,TRUE,
2,1,2,9,169,training,212,1,0,102,102,0,3529,TRUE,
1,1,3,9,170,training,113,0,0,102,102,0,2978,TRUE,
2,1,3,9,171,training,213,0,0,102,102,0,2573,TRUE,
1,1,2,9,172,training,112,1,0,102,102,1,3821,TRUE,
2,2,2,9,173,training,222,0,0,102,102,0,1614,TRUE,
1,2,2,9,174,training,122,1,0,102,102,1,2672,TRUE,
2,2,3,9,175,training,223,0,0,102,102,0,2811,TRUE,
1,2,3,9,176,training,123,1,0,102,102,1,2284,TRUE,
1,2,2,9,177,training,122,1,0,102,102,0,3821,TRUE,
2,2,2,9,178,training,222,0,0,102,102,0,1354,TRUE,
2,2,3,9,179,training,223,0,0,102,102,0,2560,TRUE,
1,1,3,9,180,training,113,0,0,102,102,0,2916,TRUE,
1,2,3,9,181,training,123,1,0,102,102,1,4096,TRUE,
2,1,3,9,182,training,213,0,0,102,102,0,2422,TRUE,
2,1,2,9,183,training,212,1,0,102,102,0,5244,TRUE,
1,1,2,9,184,training,112,1,0,102,102,0,3091,TRUE,
2,1,3,9,185,training,213,0,0,102,102,0,2321,TRUE,
1,2,2,9,186,training,122,1,0,102,102,1,2794,TRUE,
1,1,3,9,187,training,113,0,0,102,102,0,3749,TRUE,
2,2,3,9,188,training,223,0,0,102,102,0,3159,TRUE,
2,1,2,9,189,training,212,1,0,102,102,1,3842,TRUE,
2,2,2,9,190,training,222,0,0,102,102,0,1295,TRUE,
1,1,2,9,191,training,112,1,0,102,102,1,2200,TRUE,
1,2,3,9,192,training,123,1,0,102,102,1,2510,TRUE,
2,2,2,9,193,training,222,0,0,102,102,0,2567,TRUE,
1,2,3,9,194,training,123,1,0,102,102,1,2789,TRUE,
2,2,3,9,195,training,223,0,0,102,102,0,4648,TRUE,
2,1,3,9,196,training,213,0,0,102,102,0,2699,TRUE,
1,1,2,9,197,training,112,1,0,102,102,1,2253,TRUE,
2,1,2,9,198,training,212,1,0,102,102,1,3198,TRUE,
1,2,2,9,199,training,122,1,0,102,102,1,2048,TRUE,
1,1,3,9,200,training,113,0,0,102,102,0,2671,TRUE,
1,2,3,9,201,training,123,1,0,102,102,1,2045,TRUE,
2,1,2,9,202,training,212,1,0,102,102,1,3841,TRUE,
1,1,2,9,203,training,112,1,0,102,102,1,1917,TRUE,
2,2,2,9,204,training,222,0,0,102,102,0,1581,TRUE,
1,2,2,9,205,training,122,1,0,102,102,1,3012,TRUE,
1,1,3,9,206,training,113,0,0,102,102,0,2409,TRUE,
2,1,3,9,207,training,213,0,0,102,102,0,3750,TRUE,
2,2,3,9,208,training,223,0,0,102,102,0,3373,TRUE,
1,1,2,9,209,training,112,1,0,102,102,1,2047,TRUE,
1,1,3,9,210,training,113,0,0,102,102,0,2339,TRUE,
2,1,3,9,211,training,213,0,0,102,102,0,3045,TRUE,
1,2,2,9,212,training,122,1,0,102,102,1,2289,TRUE,
2,1,2,9,213,training,212,1,0,102,102,1,2036,TRUE,
2,2,2,9,214,training,222,0,0,102,102,0,2100,TRUE,
1,2,2,9,215,familiarization,122,1,0,102,102,,,TRUE,1384
2,2,3,9,216,familiarization,223,0,0,102,102,,,TRUE,1384
2,2,2,9,217,familiarization,222,0,0,102,102,0,1228,TRUE,1384
1,1,2,9,218,familiarization,112,1,0,102,102,1,1297,TRUE,1384
2,1,2,9,219,familiarization,212,1,0,102,102,1,1206,TRUE,1384
1,2,3,9,220,familiarization,123,1,0,102,102,0,1323,TRUE,1384
1,1,3,9,221,familiarization,113,0,0,102,102,1,1230,TRUE,1384
2,1,3,9,222,familiarization,213,0,0,102,102,,,TRUE,1384
1,2,3,9,223,familiarization,123,1,0,102,102,,,TRUE,1384
1,1,2,9,224,familiarization,112,1,0,102,102,,,TRUE,1384
1,2,2,9,225,familiarization,122,1,0,102,102,,,TRUE,1384
2,1,3,9,226,familiarization,213,0,0,102,102,,,TRUE,1384
2,2,3,9,227,familiarization,223,0,0,102,102,,,TRUE,1384
1,1,3,9,228,familiarization,113,0,0,102,102,,,TRUE,1384
2,1,2,9,229,familiarization,212,1,0,102,102,,,TRUE,1384
2,2,2,9,230,familiarization,222,0,0,102,102,0,1187,TRUE,1384
2,2,3,9,231,familiarization,223,0,0,102,102,0,933,TRUE,1384
2,2,2,9,232,familiarization,222,0,0,102,102,0,991,TRUE,1384
1,1,3,9,233,familiarization,113,0,0,102,102,0,952,TRUE,1384
2,1,2,9,234,familiarization,212,1,0,102,102,1,1211,TRUE,1384
1,2,3,9,235,familiarization,123,1,0,102,102,0,1111,TRUE,1384
2,1,3,9,236,familiarization,213,0,0,102,102,,,TRUE,1384
1,2,2,9,237,familiarization,122,1,0,102,102,,,TRUE,1384
1,1,2,9,238,familiarization,112,1,0,102,102,,,TRUE,1384
2,2,2,9,239,familiarization,222,0,0,102,102,,,TRUE,1384
1,1,3,9,240,familiarization,113,0,0,102,102,,,TRUE,1384
2,2,3,9,241,familiarization,223,0,0,102,102,,,TRUE,1384
1,2,2,9,242,familiarization,122,1,0,102,102,,,TRUE,1384
1,1,2,9,243,familiarization,112,1,0,102,102,,,TRUE,1384
2,1,2,9,244,familiarization,212,1,0,102,102,,,TRUE,1384
2,1,3,9,245,familiarization,213,0,0,102,102,0,1250,TRUE,1384
1,2,3,9,246,familiarization,123,1,0,102,102,0,1179,TRUE,1384
4,3,2,9,247,test,432,,0,102,102,,,TRUE,1384
3,3,2,9,248,test,332,,0,102,102,0,827,TRUE,1384
2,1,2,9,249,test,212,,0,102,102,1,985,TRUE,1384
1,2,3,9,250,test,123,,0,102,102,0,1086,TRUE,1384
2,1,1,9,251,test,211,,0,102,102,1,994,TRUE,1384
1,1,4,9,252,test,114,,0,102,102,1,1048,TRUE,1384
4,4,2,9,253,test,442,,0,102,102,0,1145,TRUE,1384
3,4,2,9,254,test,342,,0,102,102,0,925,TRUE,1384
1,1,3,9,255,test,113,,0,102,102,1,951,TRUE,1384
2,2,2,9,256,test,222,,0,102,102,0,1210,TRUE,1384
1,1,3,9,257,test,113,,0,102,102,0,1141,TRUE,1384
3,3,2,9,258,test,332,,0,102,102,0,1076,TRUE,1384
4,4,2,9,259,test,442,,0,102,102,0,1005,TRUE,1384
2,1,1,9,260,test,211,,0,102,102,1,980,TRUE,1384
3,4,2,9,261,test,342,,0,102,102,0,1112,TRUE,1384
2,1,2,9,262,test,212,,0,102,102,,,TRUE,1384
1,1,4,9,263,test,114,,0,102,102,0,1268,TRUE,1384
2,2,2,9,264,test,222,,0,102,102,0,1087,TRUE,1384
1,2,3,9,265,test,123,,0,102,102,0,1258,TRUE,1384
4,3,2,9,266,test,432,,0,102,102,,,TRUE,1384
2,1,2,9,267,test,212,,0,102,102,0,891,TRUE,1384
3,3,2,9,268,test,332,,0,102,102,1,982,TRUE,1384
2,2,2,9,269,test,222,,0,102,102,0,1084,TRUE,1384
1,2,3,9,270,test,123,,0,102,102,1,1085,TRUE,1384
4,3,2,9,271,test,432,,0,102,102,,,TRUE,1384
3,4,2,9,272,test,342,,0,102,102,1,1088,TRUE,1384
1,1,3,9,273,test,113,,0,102,102,0,902,TRUE,1384
4,4,2,9,274,test,442,,0,102,102,0,901,TRUE,1384
1,1,4,9,275,test,114,,0,102,102,1,1054,TRUE,1384
2,1,1,9,276,test,211,,0,102,102,0,1290,TRUE,1384
3,4,2,9,277,test,342,,0,102,102,0,1013,TRUE,1384
2,2,2,9,278,test,222,,0,102,102,1,956,TRUE,1384
3,3,2,9,279,test,332,,0,102,102,0,1043,TRUE,1384
1,2,3,9,280,test,123,,0,102,102,0,860,TRUE,1384
2,1,1,9,281,test,211,,0,102,102,0,1079,TRUE,1384
2,1,2,9,282,test,212,,0,102,102,1,769,TRUE,1384
1,1,4,9,283,test,114,,0,102,102,0,963,TRUE,1384
1,1,3,9,284,test,113,,0,102,102,0,1019,TRUE,1384
4,4,2,9,285,test,442,,0,102,102,1,962,TRUE,1384
4,3,2,9,286,test,432,,0,102,102,,,TRUE,1384
2,2,2,9,287,test,222,,0,102,102,0,1020,TRUE,1384
3,3,2,9,288,test,332,,0,102,102,1,964,TRUE,1384
2,1,2,9,289,test,212,,0,102,102,1,1362,TRUE,1384
4,3,2,9,290,test,432,,0,102,102,0,1173,TRUE,1384
3,4,2,9,291,test,342,,0,102,102,0,1168,TRUE,1384
4,4,2,9,292,test,442,,0,102,102,0,931,TRUE,1384
1,1,3,9,293,test,113,,0,102,102,1,958,TRUE,1384
1,2,3,9,294,test,123,,0,102,102,0,1013,TRUE,1384
2,1,1,9,295,test,211,,0,102,102,,,TRUE,1384
1,1,4,9,296,test,114,,0,102,102,0,1114,TRUE,1384
1,2,3,9,297,test,123,,0,102,102,1,1207,TRUE,1384
3,3,2,9,298,test,332,,0,102,102,0,1230,TRUE,1384
4,4,2,9,299,test,442,,0,102,102,0,1362,TRUE,1384
2,1,1,9,300,test,211,,0,102,102,1,1204,TRUE,1384
1,1,3,9,301,test,113,,0,102,102,0,1384,TRUE,1384
2,2,2,9,302,test,222,,0,102,102,0,1085,TRUE,1384
1,1,4,9,303,test,114,,0,102,102,0,993,TRUE,1384
3,4,2,9,304,test,342,,0,102,102,1,1203,TRUE,1384
2,1,2,9,305,test,212,,0,102,102,0,1367,TRUE,1384
4,3,2,9,306,test,432,,0,102,102,,,TRUE,1384
4,4,2,9,307,test,442,,0,102,102,0,962,TRUE,1384
4,3,2,9,308,test,432,,0,102,102,1,1080,TRUE,1384
3,4,2,9,309,test,342,,0,102,102,,,TRUE,1384
2,1,2,9,310,test,212,,0,102,102,0,990,TRUE,1384
2,1,1,9,311,test,211,,0,102,102,1,950,TRUE,1384
1,1,4,9,312,test,114,,0,102,102,0,991,TRUE,1384
3,3,2,9,313,test,332,,0,102,102,0,1169,TRUE,1384
2,2,2,9,314,test,222,,0,102,102,0,1336,TRUE,1384
1,1,3,9,315,test,113,,0,102,102,0,963,TRUE,1384
1,2,3,9,316,test,123,,0,102,102,0,1206,TRUE,1384
3,3,2,9,317,test,332,,0,102,102,,,TRUE,1384
2,1,1,9,318,test,211,,0,102,102,1,1231,TRUE,1384
1,1,4,9,319,test,114,,0,102,102,0,928,TRUE,1384
4,3,2,9,320,test,432,,0,102,102,1,1049,TRUE,1384
4,4,2,9,321,test,442,,0,102,102,0,866,TRUE,1384
1,2,3,9,322,test,123,,0,102,102,,,TRUE,1384
3,4,2,9,323,test,342,,0,102,102,0,774,TRUE,1384
2,1,2,9,324,test,212,,0,102,102,,,TRUE,1384
2,2,2,9,325,test,222,,0,102,102,1,923,TRUE,1384
1,1,3,9,326,test,113,,0,102,102,1,1261,TRUE,1384
1,1,4,9,327,test,114,,0,102,102,,,TRUE,1384
1,2,3,9,328,test,123,,0,102,102,0,1236,TRUE,1384
3,3,2,9,329,test,332,,0,102,102,0,1057,TRUE,1384
4,3,2,9,330,test,432,,0,102,102,,,TRUE,1384
1,1,3,9,331,test,113,,0,102,102,1,922,TRUE,1384
4,4,2,9,332,test,442,,0,102,102,0,1042,TRUE,1384
3,4,2,9,333,test,342,,0,102,102,,,TRUE,1384
2,1,1,9,334,test,211,,0,102,102,,,TRUE,1384
2,2,2,9,335,test,222,,0,102,102,0,1080,TRUE,1384
2,1,2,9,336,test,212,,0,102,102,1,1010,TRUE,1384
1,1,4,9,337,test,114,,0,102,102,0,1047,TRUE,1384
1,1,3,9,338,test,113,,0,102,102,0,1072,TRUE,1384
2,1,1,9,339,test,211,,0,102,102,1,966,TRUE,1384
4,4,2,9,340,test,442,,0,102,102,0,835,TRUE,1384
2,1,2,9,341,test,212,,0,102,102,1,855,TRUE,1384
1,2,3,9,342,test,123,,0,102,102,0,1042,TRUE,1384
4,3,2,9,343,test,432,,0,102,102,1,1014,TRUE,1384
3,3,2,9,344,test,332,,0,102,102,0,1207,TRUE,1384
3,4,2,9,345,test,342,,0,102,102,0,1075,TRUE,1384
2,2,2,9,346,test,222,,0,102,102,1,1015,TRUE,1384
2,1,1,9,347,test,211,,0,102,102,1,1300,TRUE,1384
4,4,2,9,348,test,442,,0,102,102,0,867,TRUE,1384
2,2,2,9,349,test,222,,0,102,102,0,1086,TRUE,1384
1,2,3,9,350,test,123,,0,102,102,0,1150,TRUE,1384
1,1,4,9,351,test,114,,0,102,102,1,1022,TRUE,1384
3,4,2,9,352,test,342,,0,102,102,0,1198,TRUE,1384
2,1,2,9,353,test,212,,0,102,102,,,TRUE,1384
1,1,3,9,354,test,113,,0,102,102,0,1008,TRUE,1384
4,3,2,9,355,test,432,,0,102,102,1,1076,TRUE,1384
3,3,2,9,356,test,332,,0,102,102,0,1357,TRUE,1384
1,1,3,9,357,test,113,,0,102,102,0,1199,TRUE,1384
1,1,4,9,358,test,114,,0,102,102,0,773,TRUE,1384
3,3,2,9,359,test,332,,0,102,102,1,1095,TRUE,1384
2,1,1,9,360,test,211,,0,102,102,1,1174,TRUE,1384
4,4,2,9,361,test,442,,0,102,102,0,786,TRUE,1384
1,2,3,9,362,test,123,,0,102,102,0,994,TRUE,1384
2,1,2,9,363,test,212,,0,102,102,,,TRUE,1384
4,3,2,9,364,test,432,,0,102,102,0,956,TRUE,1384
3,4,2,9,365,test,342,,0,102,102,0,857,TRUE,1384
2,2,2,9,366,test,222,,0,102,102,1,1075,TRUE,1384
2,1,2,9,367,test,212,,0,102,102,1,952,TRUE,1384
4,3,2,9,368,test,432,,0,102,102,0,766,TRUE,1384
1,1,4,9,369,test,114,,0,102,102,0,1084,TRUE,1384
2,1,1,9,370,test,211,,0,102,102,1,858,TRUE,1384
1,2,3,9,371,test,123,,0,102,102,0,1107,TRUE,1384
3,4,2,9,372,test,342,,0,102,102,0,857,TRUE,1384
2,2,2,9,373,test,222,,0,102,102,0,889,TRUE,1384
1,1,3,9,374,test,113,,0,102,102,0,856,TRUE,1384
4,4,2,9,375,test,442,,0,102,102,0,794,TRUE,1384
3,3,2,9,376,test,332,,0,102,102,0,831,TRUE,1384
2,1,2,9,377,test,212,,0,102,102,1,895,TRUE,1384
1,1,3,9,378,test,113,,0,102,102,0,1142,TRUE,1384
3,4,2,9,379,test,342,,0,102,102,0,1077,TRUE,1384
1,2,3,9,380,test,123,,0,102,102,0,985,TRUE,1384
1,1,4,9,381,test,114,,0,102,102,0,1087,TRUE,1384
2,1,1,9,382,test,211,,0,102,102,1,1000,TRUE,1384
2,2,2,9,383,test,222,,0,102,102,0,1084,TRUE,1384
4,4,2,9,384,test,442,,0,102,102,0,806,TRUE,1384
3,3,2,9,385,test,332,,0,102,102,0,732,TRUE,1384
4,3,2,9,386,test,432,,0,102,102,0,711,TRUE,1384
